termi;käsite;käännettävyys;kieli;sanaluokka;sanamuoto;perussanatyyppi;johdostyyppi;status;etymologia
hammaslaitainen;hammaslaitainen;;suomi;adjektiivi;yhdyssana;;-inen;;
hampainen;hammaslaitainen;;suomi;adjektiivi;yhdistämätön;;-inen;;
tenntur;hammaslaitainen;=;islanti;;;;;;
djúpskertur;hammaslaitainen;=;islanti;;;;;;
tentur;hammaslaitainen;=;fääri;;;;;;
djúpskorin;hammaslaitainen;=;fääri;;;;;;
tandet;hammaslaitainen;=;tanska;;;;;;
indskåre;hammaslaitainen;=;tanska;;;;;;
tannet;hammaslaitainen;=;norja;;;;;;
innskåret;hammaslaitainen;=;norja;;;;;;
pykälaitainen;hammaslaitainen;;suomi;adjektiivi;yhdyssana;;-inen;;
toothed;hammaslaitainen;=;englanti;;;;;;
dentate;hammaslaitainen;=;englanti;;;;;;
incised;hammaslaitainen;=;englanti;;;;;;
inskuren kant;hammaslaitainen;=;ruotsi;;;;;;
tandad;hammaslaitainen;=;ruotsi;;;;;;
inskuren;hammaslaitainen;=;ruotsi;;;;;;
hankasilmu;hankasilmu;;suomi;substantiivi;yhdyssana;;;;
sivusilmu;hankasilmu;;suomi;substantiivi;yhdyssana;;;;
aksillaarisilmu;hankasilmu;;suomi;substantiivi;yhdyssana;;;;
axillary bud;hankasilmu;=;englanti;;;;;;
sidoknopp;hankasilmu;=;ruotsi;;;;;;
lateralknopp;hankasilmu;=;ruotsi;;;;;;
axillärknopp;hankasilmu;=;ruotsi;;;;;;
hede;hede;;suomi;substantiivi;yhdistämätön;;-e;;
hedelehti;hede;;suomi;substantiivi;yhdyssana;;;;
frævill;hede;=;islanti;;;;;;
sáðberi;hede;=;fääri;;;;;;
støvbærer;hede;=;tanska;;;;;;
støvblad;hede;=;tanska;;;;;;
støvdrager;hede;=;tanska;;;;;;
pollenbærer;hede;=;norja;;;;;;
stamen (pl. stamina; stamens);hede;=;englanti;;;;;;
ståndare;hede;=;ruotsi;;;;;;
aitolehti;aitolehti;;suomi;substantiivi;yhdyssana;;;;
true leaf;aitolehti;=;englanti;;;;;;
egentlig mellanblad;aitolehti;=;ruotsi;;;;;;
sirkkalehti;sirkkalehti;;suomi;substantiivi;yhdyssana;;;;kreik. kotyledon 'kupinmuotoinen onkalo'; sirkka, sirkeä?
alkeislehti;sirkkalehti;;suomi;substantiivi;yhdyssana;;;;
kímblað;sirkkalehti;=;islanti;;;;;;
gróðrarblað;sirkkalehti;=;fääri;;;;;;
kimblad;sirkkalehti;=;tanska;;;;;;
frøblad;sirkkalehti;=;norja;;;;;;
kimblad;sirkkalehti;=;norja;;;;;;
sirkkalehdet;sirkkalehti;;suomi;substantiivi;yhdyssana;monikko;;;
cotyledon;sirkkalehti;=;englanti;;;;;;
cotyledons;sirkkalehti;=;englanti;;;;;;
hjärtblad;sirkkalehti;=;ruotsi;;;;;;
kotyledon;sirkkalehti;=;ruotsi;;;;;;
alalehti;alalehti;;suomi;substantiivi;yhdyssana;;;;
scale leaf;alalehti;=;englanti;;;;;;
bract;alalehti;=;englanti;;;;;;
lågblad;alalehti;=;ruotsi;;;;;;
aluslehti;aluslehti;;suomi;substantiivi;yhdyssana;;;;
basal leaf;aluslehti;=;englanti;;;;;;
underleaf;aluslehti;=;englanti;;;;;;
basalblad;aluslehti;=;ruotsi;;;;;;
siitoslehtiperä;siitoslehtiperä;;suomi;substantiivi;yhdyssana;;;;
androgynofori;siitoslehtiperä;;suomi;substantiivi;yhdyssana;;;;
fræfla-stílsúla;siitoslehtiperä;=;islanti;;;;;;
androgynofor;siitoslehtiperä;=;tanska;;;;;;
androgynofor;siitoslehtiperä;=;norja;;;;;;
androgynophore;siitoslehtiperä;=;englanti;;;;;;
androgynofor;siitoslehtiperä;=;ruotsi;;;;;;
ehyt;ehyt;;suomi;adjektiivi;yhdistämätön;2-tavuinen Ut-loppuinen;;;
heill; heilrendur;ehyt;=;islanti;;;;;;
heilrandaður;ehyt;=;fääri;;;;;;
hel; helrandet;ehyt;=;tanska;;;;;;
hel; helrandet;ehyt;=;norja;;;;;;
entire leaf-balde;ehyt;=;englanti;;;;;;
hel bladskiva; hel; helbräddad;ehyt;=;ruotsi;;;;;;
ehytlaitainen;ehytlaitainen;;suomi;adjektiivi;yhdyssana;;-inen;;
heilrendur;ehytlaitainen;=;islanti;;;;;;
heill;ehytlaitainen;=;islanti;;;;;;
heilur;ehytlaitainen;=;fääri;;;;;;
hel;ehytlaitainen;=;tanska;;;;;;
hel;ehytlaitainen;=;norja;;;;;;
entire;ehytlaitainen;=;englanti;;;;;;
entire leaf margin;ehytlaitainen;=;englanti;;;;;;
helbräddad;ehytlaitainen;=;ruotsi;;;;;;
hel;ehytlaitainen;=;ruotsi;;;;;;
emi;emi;;suomi;substantiivi;yhdistämätön;;-i;;
emilehti;emi;;suomi;substantiivi;yhdyssana;;-lehti;;
fræblað;emi;=;islanti;;;;;;
fræblað;emi;=;fääri;;;;;;
frugtblad;emi;=;tanska;;;;;;
fruktblad;emi;=;norja;;;;;;
emisuomu;emi;;suomi;substantiivi;yhdyssana;;;;
carpel;emi;=;englanti;;;;;;
fruktblad;emi;=;ruotsi;;;;;;
epämukainen;epämukainen;;suomi;adjektiivi;yhdyssana;;-inen;;kreik. symmetria < syn = yhdessä, metron = mitta
epäsymmetrinen;epämukainen;;suomi;adjektiivi;yhdyssana;;-inen;;
óreglulegur;epämukainen;=;islanti;;;;;;
óregluligur;epämukainen;=;fääri;;;;;;
asymmetrisk;epämukainen;=;tanska;;;;;;
uregelmæssig;epämukainen;=;tanska;;;;;;
asymmetrisk;epämukainen;=;norja;;;;;;
uregelmessig;epämukainen;=;norja;;;;;;
asymmetrinen;epämukainen;;suomi;adjektiivi;yhdistämätön;;-inen;;
asymmetric;epämukainen;=;englanti;;;;;;
asummetrical;epämukainen;=;englanti;;;;;;
irregular;epämukainen;=;englanti;;;;;;
asymmetrisk;epämukainen;=;ruotsi;;;;;;
oregelbunden;epämukainen;=;ruotsi;;;;;;
erillinen;erillinen;;suomi;adjektiivi;yhdistämätön;;-llinen;;
vapaa;erillinen;;suomi;adjektiivi;yhdistämätön;2-tavuinen A-loppuinen;;;
laus;erillinen;=;islanti;;;;;;
leysur;erillinen;=;fääri;;;;;;
fri;erillinen;=;tanska;;;;;;
frie;erillinen;=;norja;;;;;;
free;erillinen;=;englanti;;;;;;
fria;erillinen;=;ruotsi;;;;;;
erillislehtinen;erillislehtinen;;suomi;adjektiivi;yhdyssana;;-inen;;
fribladig;erillislehtinen;=;ruotsi;;;;;;
helve;helve;;suomi;substantiivi;yhdistämätön;2-tavuinen e-loppuinen;;;
lodicule;helve;=;englanti;;;;;;
herttatyvinen;herttatyvinen;;suomi;adjektiivi;yhdyssana;;-inen;;
huuli;huuli;;suomi;substantiivi;yhdistämätön;2-tavuinen i-loppuinen;;;
vör;huuli;=;islanti;;;;;;
vørr;huuli;=;fääri;;;;;;
læbe;huuli;=;tanska;;;;;;
leppe;huuli;=;norja;;;;;;
labellum;huuli;=;englanti;;;;;;
lip;huuli;=;englanti;;;;;;
läpp;huuli;=;ruotsi;;;;;;
ilmalehti;ilmalehti;;suomi;substantiivi;yhdyssana;;;;
luftblad;ilmalehti;=;ruotsi;;;;;;
jakoinen;jakoinen;;suomi;adjektiivi;yhdistämätön;;-inen;;
skiptur;jakoinen;=;islanti;;;;;;
deildur;jakoinen;=;fääri;;;;;;
delt;jakoinen;=;tanska;;;;;;
delt;jakoinen;=;norja;;;;;;
partite;jakoinen;=;englanti;;;;;;
delad;jakoinen;=;ruotsi;;;;;;
johteinen;johteinen;;suomi;adjektiivi;yhdistämätön;;-inen;;
niðurteygður;johteinen;=;islanti;;;;;;
niðurrendur;johteinen;=;fääri;;;;;;
nedløbende;johteinen;=;tanska;;;;;;
nedløpende;johteinen;=;norja;;;;;;
decurrent;johteinen;=;englanti;;;;;;
nedlöpande;johteinen;=;ruotsi;;;;;;
kaksilehdykkäinen;kaksilehdykkäinen;;suomi;adjektiivi;yhdyssana;;-inen;;
bifoliolate;kaksilehdykkäinen;=;englanti;;;;;;
kaksiosainen;kaksiosainen;;suomi;adjektiivi;yhdyssana;;-inen;;
klofinn;kaksiosainen;=;islanti;;;;;;
tvískiptur;kaksiosainen;=;islanti;;;;;;
klovin;kaksiosainen;=;fääri;;;;;;
kløvet;kaksiosainen;=;tanska;;;;;;
tvedelt;kaksiosainen;=;tanska;;;;;;
todelt;kaksiosainen;=;norja;;;;;;
bifid;kaksiosainen;=;englanti;;;;;;
bipartite;kaksiosainen;=;englanti;;;;;;
tvekluven;kaksiosainen;=;ruotsi;;;;;;
tvådelad;kaksiosainen;=;ruotsi;;;;;;
kale;kale;;suomi;substantiivi;yhdistämätön;2-tavuinen e-loppuinen;;;
axögn;kale;=;islanti;;;;;;
aksøgn;kale;=;fääri;;;;;;
yderavner;kale;=;tanska;;;;;;
yderavn;kale;=;tanska;;;;;;
ytteragne;kale;=;norja;;;;;;
glume;kale;=;englanti;;;;;;
lemma;kale;=;englanti;;;;;;
skärmfjäll;kale;=;ruotsi;;;;;;
 tomfjäll;kale;=;ruotsi;;;;;;
kapean vastapuikea;kapean vastapuikea;;suomi;adjektiivi;sanaliitto;;-eA;;
öfuglensulaga;kapean vastapuikea;=;islanti;;;;;;
øvut váknvaksin;kapean vastapuikea;=;fääri;;;;;;
omvendt lancetformet;kapean vastapuikea;=;tanska;;;;;;
omvendt lansettformet;kapean vastapuikea;=;norja;;;;;;
oblanceolate;kapean vastapuikea;=;englanti;;;;;;
omvänt lansettlik;kapean vastapuikea;=;ruotsi;;;;;;
kapeanpuikea;kapeanpuikea;;suomi;adjektiivi;yhdyssana;;-eA;;
mjóegglaga;kapeanpuikea;=;islanti;;;;;;
mjátt eggvaksin;kapeanpuikea;=;fääri;;;;;;
smalt ægformet;kapeanpuikea;=;tanska;;;;;;
smalt eggformet;kapeanpuikea;=;norja;;;;;;
narrowly ovate;kapeanpuikea;=;englanti;;;;;;
lanceolate;kapeanpuikea;=;englanti;;;;;;
smalt äggrund;kapeanpuikea;=;ruotsi;;;;;;
lansettlik;kapeanpuikea;=;ruotsi;;;;;;
kapeansoikea;kapeansoikea;;suomi;adjektiivi;yhdyssana;;-eA;;
narrowly elliptic;kapeansoikea;=;englanti;;;;;;
smalt elliptisk;kapeansoikea;=;ruotsi;;;;;;
kapeansuikea;kapeansuikea;;suomi;adjektiivi;yhdyssana;;-eA;;
narrowly lanceolate;kapeansuikea;=;englanti;;;;;;
smalt lacettlik;kapeansuikea;=;ruotsi;;;;;;
kasvulehti;kasvulehti;;suomi;substantiivi;yhdyssana;;;;
vegetative leaf;kasvulehti;=;englanti;;;;;;
foliage leaf;kasvulehti;=;englanti;;;;;;
örtblad;kasvulehti;=;ruotsi;;;;;;
mellanblad;kasvulehti;=;ruotsi;;;;;;
kehtosuomu;kehtosuomu;;suomi;substantiivi;yhdyssana;;;;
reifar;kehtosuomu;=;islanti;;;;;;
reifablöð;kehtosuomu;=;islanti;;;;;;
kurvareiv;kehtosuomu;=;fääri;;;;;;
kurvsvøb;kehtosuomu;=;tanska;;;;;;
kurvblade;kehtosuomu;=;tanska;;;;;;
korgdekkblad;kehtosuomu;=;norja;;;;;;
involucral bract;kehtosuomu;=;englanti;;;;;;
phyllary;kehtosuomu;=;englanti;;;;;;
holkfjäll;kehtosuomu;=;ruotsi;;;;;;
kehälehti;kehälehti;;suomi;substantiivi;yhdyssana;;;;
blómhlífarblað þegar þau eru öll eins;kehälehti;=;islanti;;;;;;
blómublað;kehälehti;=;fääri;;;;;;
blosterblade;kehälehti;=;tanska;;;;;;
tepal;kehälehti;=;tanska;;;;;;
blomsterblad;kehälehti;=;norja;;;;;;
tepal;kehälehti;=;norja;;;;;;
tepal;kehälehti;=;englanti;;;;;;
hylleblad;kehälehti;=;ruotsi;;;;;;
kalkblad;kehälehti;=;ruotsi;;;;;;
keihäsmäinen;keihäsmäinen;;suomi;adjektiivi;yhdistämätön;;-mAinen;;
spjótlaga;keihäsmäinen;=;islanti;;;;;;
spjótvaksin;keihäsmäinen;=;fääri;;;;;;
spydformet;keihäsmäinen;=;tanska;;;;;;
spydformet;keihäsmäinen;=;norja;;;;;;
hastate;keihäsmäinen;=;englanti;;;;;;
spjutlik;keihäsmäinen;=;ruotsi;;;;;;
laakaruoti;laakaruoti;;suomi;substantiivi;yhdyssana;;;;
fyllodio;laakaruoti;;suomi;substantiivi;yhdistämätön;4-tavuinen;;;
blaðkenndur stilkur;laakaruoti;=;islanti;;;;;;
blaðlíkur stelkur;laakaruoti;=;fääri;;;;;;
fyllodium;laakaruoti;=;tanska;;;;;;
fyllodium;laakaruoti;=;norja;;;;;;
phyllode;laakaruoti;=;englanti;;;;;;
platyclade;laakaruoti;=;englanti;;;;;;
phylloclade;laakaruoti;=;englanti;;;;;;
fyllodium;laakaruoti;=;ruotsi;;;;;;
mesikannus;mesikannus;;suomi;substantiivi;yhdyssana;;;;
mesilehti;mesilehti;;suomi;substantiivi;yhdyssana;;;;
sisäkale;sisäkale;;suomi;substantiivi;yhdyssana;;;;
sivulehdykkä;sivulehdykkä;;suomi;substantiivi;yhdyssana;;;;
sormiosainen;sormiosainen;;suomi;adjektiivi;yhdyssana;;-inen;;
ulkokale;ulkokale;;suomi;substantiivi;yhdyssana;;;;
keihästyvinen;keihästyvinen;;suomi;adjektiivi;yhdyssana;;-inen;;
spjótlaga;keihästyvinen;=;islanti;;;;;;
spjótvaksin;keihästyvinen;=;fääri;;;;;;
spydformet;keihästyvinen;=;tanska;;;;;;
spydformet;keihästyvinen;=;norja;;;;;;
hastate;keihästyvinen;=;englanti;;;;;;
spjutlik;keihästyvinen;=;ruotsi;;;;;;
kelluslehti;kelluslehti;;suomi;substantiivi;yhdyssana;;;;
kellulehti;kelluslehti;;suomi;substantiivi;yhdyssana;;;vanhentunut;
flytblad;kelluslehti;=;ruotsi;;;;;;
kerrannainen;kerrannainen;;suomi;adjektiivi;yhdistämätön;;-nnAinen;;
kerrottu;kerrannainen;;suomi;adjektiivi;yhdistämätön;;-ttU;;
samsettur;kerrannainen;=;islanti;;;;;;
samansettur;kerrannainen;=;fääri;;;;;;
sammensat;kerrannainen;=;tanska;;;;;;
sammensatt;kerrannainen;=;norja;;;;;;
compound;kerrannainen;=;englanti;;;;;;
sammansatt;kerrannainen;=;ruotsi;;;;;;
kerrannaislehti;kerrannaislehti;;suomi;substantiivi;yhdyssana;;;;
kerrannainen lehti;kerrannaislehti;;suomi;substantiivi;sanaliitto;;;;
compound leaf;kerrannaislehti;=;englanti;;;;;;
sammansatt blad;kerrannaislehti;=;ruotsi;;;;;;
keskiranka;keskiranka;;suomi;substantiivi;yhdyssana;;;;
blómskipunarleggur;keskiranka;=;islanti;;;;;;
blómskipunarstöngull;keskiranka;=;islanti;;;;;;
miðstrengur samsetts blaðs;keskiranka;=;islanti;;;;;;
blómuskipanarleggur;keskiranka;=;fääri;;;;;;
blomsterstandakse,;keskiranka;=;tanska;;;;;;
blomsterstandsakse;keskiranka;=;norja;;;;;;
hovedakse;keskiranka;=;norja;;;;;;
rachis;keskiranka;=;englanti;;;;;;
rhachis;keskiranka;=;englanti;;;;;;
axis;keskiranka;=;englanti;;;;;;
axel;keskiranka;=;ruotsi;;;;;;
rhachis;keskiranka;=;ruotsi;;;;;;
huvudaxel (i blomställning; även huvudaxeln i ett sammansatt blad);keskiranka;=;ruotsi;;;;;;
keskisuoni;keskisuoni;;suomi;substantiivi;yhdyssana;;;;
miðstrengur;keskisuoni;=;islanti;;;;;;
miðtaug;keskisuoni;=;islanti;;;;;;
miðæðr;keskisuoni;=;fääri;;;;;;
midtribbe;keskisuoni;=;tanska;;;;;;
midtnerve;keskisuoni;=;tanska;;;;;;
midtnerve;keskisuoni;=;norja;;;;;;
midrib;keskisuoni;=;englanti;;;;;;
mittnerv;keskisuoni;=;ruotsi;;;;;;
mittsträng;keskisuoni;=;ruotsi;;;;;;
huvudnerv;keskisuoni;=;ruotsi;;;;;;
keulamainen;keulamainen;;suomi;adjektiivi;yhdistämätön;;-mAinen;;
säteittäinen;säteittäinen;;suomi;adjektiivi;yhdistämätön;;-ttAinen;;
whorled;säteittäinen;=;englanti;;;;;;
strålformig;säteittäinen;=;ruotsi;;;;;;
kransstälda;säteittäinen;=;ruotsi;;;;;;
kielekekorvake;kielekekorvake;;suomi;substantiivi;yhdyssana;;;;
kierteinen (lehtiasento);kierteinen (lehtiasento);;suomi;adjektiivi;yhdistämätön;;-inen;;
stakstæýur;kierteinen (lehtiasento);=;islanti;;;;;;
misstaddur;kierteinen (lehtiasento);=;fääri;;;;;;
alternerende;kierteinen (lehtiasento);=;tanska;;;;;;
spredt;kierteinen (lehtiasento);=;tanska;;;;;;
skruestillet;kierteinen (lehtiasento);=;tanska;;;;;;
alternerende;kierteinen (lehtiasento);=;norja;;;;;;
skruestilt;kierteinen (lehtiasento);=;norja;;;;;;
alternate;kierteinen (lehtiasento);<;englanti;;;;;;
spiral;kierteinen (lehtiasento);=;englanti;;;;;;
strödda;kierteinen (lehtiasento);=;ruotsi;;;;;;
strödda blad;kierteinen (lehtiasento);=;ruotsi;;;;;;
spiralställda;kierteinen (lehtiasento);=;ruotsi;;;;;;
kiilamainen;kiilamainen;;suomi;adjektiivi;yhdistämätön;;-mAinen;;
fleyglaga;kiilamainen;=;islanti;;;;;;
kílavaksin;kiilamainen;=;fääri;;;;;;
viggvaksin;kiilamainen;=;fääri;;;;;;
kileformet;kiilamainen;=;tanska;;;;;;
kileformet;kiilamainen;=;norja;;;;;;
wedge-shaped;kiilamainen;=;englanti;;;;;;
kilformad;kiilamainen;=;ruotsi;;;;;;
kileforming;kiilamainen;=;ruotsi;;;;;;
kiilatyvinen;kiilatyvinen;;suomi;adjektiivi;yhdyssana;;-inen;;
fleyglaga;kiilatyvinen;=;islanti;;;;;;
kílavaksin;kiilatyvinen;=;fääri;;;;;;
kileformet;kiilatyvinen;=;tanska;;;;;;
kileformet;kiilatyvinen;=;norja;;;;;;
cuneate;kiilatyvinen;=;englanti;;;;;;
killik;kiilatyvinen;=;ruotsi;;;;;;
kilpimäinen (lehti);kilpimäinen (lehti);;suomi;adjektiivi;yhdistämätön;;-mAinen;;
peltaattinen;kilpimäinen (lehti);;suomi;adjektiivi;yhdistämätön;;-ttinen;;
skjaldlaga;kilpimäinen (lehti);=;islanti;;;;;;
skjaldvaksin;kilpimäinen (lehti);=;fääri;;;;;;
skjoldformet;kilpimäinen (lehti);=;tanska;;;;;;
skjoldformet;kilpimäinen (lehti);=;norja;;;;;;
peltate;kilpimäinen (lehti);=;englanti;;;;;;
sköldlik;kilpimäinen (lehti);=;ruotsi;;;;;;
sköldlikt;kilpimäinen (lehti);=;ruotsi;;;;;;
kolmeen kertaan kolmisorminen;kolmeen kertaan kolmisorminen;;suomi;adjektiivi;sanaliitto;;-inen;;
triternate;kolmeen kertaan kolmisorminen;=;englanti;;;;;;
tre gånger trefingrad;kolmeen kertaan kolmisorminen;=;ruotsi;;;;;;
kolmeen kertaan parilehdykkäinen;kolmeen kertaan parilehdykkäinen;;suomi;adjektiivi;sanaliitto;;-kkAinen;;
tripinnate;kolmeen kertaan parilehdykkäinen;=;englanti;;;;;;
tre gånger parflikig;kolmeen kertaan parilehdykkäinen;=;ruotsi;;;;;;
kolmilehdykkäinen;kolmilehdykkäinen;;suomi;adjektiivi;yhdyssana;;-inen;;
trifoliolate;kolmilehdykkäinen;=;englanti;;;;;;
trefingrad;kolmilehdykkäinen;=;ruotsi;;;;;;
kolmiomainen;kolmiomainen;;suomi;adjektiivi;yhdistämätön;;-mAinen;;
ßríhyrnulaga;kolmiomainen;=;islanti;;;;;;
þríhyrndur;kolmiomainen;=;islanti;;;;;;
tríhyrntur;kolmiomainen;=;fääri;;;;;;
triangulær;kolmiomainen;=;tanska;;;;;;
trekantet;kolmiomainen;=;tanska;;;;;;
triagulær;kolmiomainen;=;norja;;;;;;
trekantet;kolmiomainen;=;norja;;;;;;
triangular;kolmiomainen;=;englanti;;;;;;
deltoid;kolmiomainen;=;englanti;;;;;;
triangulär;kolmiomainen;=;ruotsi;;;;;;
trekantig;kolmiomainen;=;ruotsi;;;;;;
korkosuoninen;korkosuoninen;;suomi;adjektiivi;yhdyssana;;-inen;;
prominently veined;korkosuoninen;=;englanti;;;;;;
korvake;korvake;;suomi;substantiivi;yhdistämätön;;-ke;;
axlablað;korvake;=;islanti;;;;;;
akslarblað;korvake;=;fääri;;;;;;
fodflig;korvake;=;tanska;;;;;;
akselblad;korvake;=;tanska;;;;;;
øreblad;korvake;=;norja;;;;;;
stipule;korvake;=;englanti;;;;;;
stipel;korvake;=;ruotsi;;;;;;
korvaketuppi;korvaketuppi;;suomi;substantiivi;yhdyssana;;;;
axlaslídur;korvaketuppi;=;islanti;;;;;;
akslaslíðri;korvaketuppi;=;fääri;;;;;;
kræmmerhus;korvaketuppi;=;tanska;;;;;;
ochrea;korvaketuppi;=;norja;;;;;;
ochrea (pl. ochreae);korvaketuppi;=;englanti;;;;;;
ocrea (pl. ocreae);korvaketuppi;=;englanti;;;;;;
stipelslida;korvaketuppi;=;ruotsi;;;;;;
kourasuoninen;kourasuoninen;;suomi;adjektiivi;yhdyssana;;-inen;;
handstrengjótt;kourasuoninen;=;islanti;;;;;;
handæðrað;kourasuoninen;=;fääri;;;;;;
håndstrenget;kourasuoninen;=;tanska;;;;;;
hådnervet;kourasuoninen;=;tanska;;;;;;
handnerva;kourasuoninen;=;norja;;;;;;
palmate venation;kourasuoninen;=;englanti;;;;;;
palmately veined;kourasuoninen;=;englanti;;;;;;
digitate venation;kourasuoninen;=;englanti;;;;;;
digitate veined;kourasuoninen;=;englanti;;;;;;
handnervig;kourasuoninen;=;ruotsi;;;;;;
kourumainen;kourumainen;;suomi;adjektiivi;yhdistämätön;;-mAinen;;
grooved;kourumainen;=;englanti;;;;;;
rännformigt;kourumainen;=;ruotsi;;;;;;
kukkalehti;kukkalehti;;suomi;substantiivi;yhdyssana;;;;
floral leaf;kukkalehti;=;englanti;;;;;;
blomblad;kukkalehti;=;ruotsi;;;;;;
kukkapohjus;kukkapohjus;;suomi;substantiivi;yhdyssana;;;;
blómbotn;kukkapohjus;=;islanti;;;;;;
blómubotnur;kukkapohjus;=;fääri;;;;;;
blomsterbund;kukkapohjus;=;tanska;;;;;;
blomsterbunn;kukkapohjus;=;norja;;;;;;
receptacle;kukkapohjus;<;englanti;;;;;;
blombotten;kukkapohjus;=;ruotsi;;;;;;
kynsi;kynsi;;suomi;substantiivi;yhdistämätön;2-tavuinen i-loppuinen;;;
nögl;kynsi;=;islanti;;;;;;
naglur;kynsi;=;fääri;;;;;;
negl;kynsi;=;tanska;;;;;;
negl;kynsi;=;norja;;;;;;
claw;kynsi;=;englanti;;;;;;
kronbladsskaft;kynsi;=;ruotsi;;;;;;
skaft;kynsi;=;ruotsi;;;;;;
lanttopäinen;lanttopäinen;;suomi;adjektiivi;yhdyssana;;-inen;;
lanttokärkinen;lanttopäinen;;suomi;adjektiivi;yhdyssana;;-inen;;
grunnsýldur;lanttopäinen;=;islanti;;;;;;
sýldur;lanttopäinen;=;islanti;;;;;;
sýldur;lanttopäinen;=;fääri;;;;;;
grunnsýldur;lanttopäinen;=;fääri;;;;;;
indtrykt;lanttopäinen;=;tanska;;;;;;
udrandet;lanttopäinen;=;tanska;;;;;;
grunt uttandet;lanttopäinen;=;norja;;;;;;
utrandet;lanttopäinen;=;norja;;;;;;
lovikärkinen;lanttopäinen;;suomi;adjektiivi;yhdistämätön;2-tavuinen O-loppuinen;;;
lantto;lanttopäinen;;suomi;adjektiivi;yhdistämätön;2-tavuinen O-loppuinen;;;
retuse;lanttopäinen;=;englanti;;;;;;
notched;lanttopäinen;=;englanti;;;;;;
emarginate;lanttopäinen;=;englanti;;;;;;
grunt urnupen;lanttopäinen;=;ruotsi;;;;;;
urnupen;lanttopäinen;=;ruotsi;;;;;;
lehdykkä;lehdykkä;;suomi;substantiivi;yhdyssana;;;;
smáblað;lehdykkä;=;islanti;;;;;;
bleðill;lehdykkä;=;islanti;;;;;;
smáblað;lehdykkä;=;fääri;;;;;;
småblad;lehdykkä;=;tanska;;;;;;
1 småblad;lehdykkä;>;norja;;;;;;
2 finne;lehdykkä;>;norja;;;;;;
leaflet;lehdykkä;>;englanti;;;;;;
pinna (pl. pinnae);lehdykkä;>;englanti;;;;;;
småblad;lehdykkä;=;ruotsi;;;;;;
småblad (av första ordningen);lehdykkä;=;ruotsi;;;;;;
lehti;lehti;;suomi;substantiivi;yhdistämätön;2-tavuinen i-loppuinen;;;phyllon, folium
laufblað;lehti;=;islanti;;;;;;
blað;lehti;=;islanti;;;;;;
leyvblað;lehti;=;fääri;;;;;;
blað;lehti;=;fääri;;;;;;
blad;lehti;=;tanska;;;;;;
blad;lehti;=;norja;;;;;;
leaf;lehti;=;englanti;;;;;;
blad;lehti;=;ruotsi;;;;;;
lehtiasento;lehtiasento;;suomi;substantiivi;yhdyssana;;;;
fyllotaksia;lehtiasento;;suomi;substantiivi;yhdyssana;;;;
leaf arrangement;lehtiasento;=;englanti;;;;;;
phyllotaxis;lehtiasento;=;englanti;;;;;;
phyllotaxy;lehtiasento;=;englanti;;;;;;
bladställning;lehtiasento;=;ruotsi;;;;;;
lehtikanta;lehtikanta;;suomi;substantiivi;yhdyssana;;;;
kanta;lehtikanta;;suomi;substantiivi;yhdistämätön;2-tavuinen A-loppuinen;;;
lehden kanta;lehtikanta;;suomi;substantiivi;sanaliitto;;;;
fyllopodium;lehtikanta;;suomi;substantiivi;yhdyssana;;;;
leaf-base;lehtikanta;=;englanti;;;;;;
leaf base;lehtikanta;=;englanti;;;;;;
phyllopod (pl. phyllopods; phylopodia);lehtikanta;=;englanti;;;;;;
phyllopodium;lehtikanta;=;englanti;;;;;;
bladfot;lehtikanta;=;ruotsi;;;;;;
lehtilaita;lehtilaita;;suomi;substantiivi;yhdyssana;;;;
leaf margin;lehtilaita;=;englanti;;;;;;
bladkant;lehtilaita;=;ruotsi;;;;;;
bladkanten;lehtilaita;=;ruotsi;;;;;;
lapa;lapa;;suomi;substantiivi;yhdistämätön;2-tavuinen A-loppuinen;;;
lehtilapa;lapa;;suomi;substantiivi;yhdyssana;;;;
blaðka;lapa;=;islanti;;;;;;
bløðka;lapa;=;fääri;;;;;;
(blad)plade;lapa;=;tanska;;;;;;
plate;lapa;=;norja;;;;;;
bladplate;lapa;=;norja;;;;;;
lamina (pl. laminae; laminas);lapa;=;englanti;;;;;;
leaf blade;lapa;=;englanti;;;;;;
blade;lapa;=;englanti;;;;;;
bladskiva;lapa;=;ruotsi;;;;;;
skiva;lapa;=;ruotsi;;;;;;
ruoti;ruoti;;suomi;substantiivi;yhdistämätön;2-tavuinen i-loppuinen;;;
lehtiruoti;ruoti;;suomi;substantiivi;yhdyssana;;;;
blaðstilkur;ruoti;=;islanti;;;;;;
blaðstelkur;ruoti;=;fääri;;;;;;
bladstilk;ruoti;=;tanska;;;;;;
bladstilk/skaft;ruoti;=;norja;;;;;;
petiolus;ruoti;;suomi;substantiivi;yhdistämätön;;;;
petiole;ruoti;=;englanti;;;;;;
leaf-stalk;ruoti;=;englanti;;;;;;
bladskaft;ruoti;=;ruotsi;;;;;;
tuppi;tuppi;;suomi;substantiivi;yhdistämätön;2-tavuinen i-loppuinen;;;
lehtituppi;tuppi;;suomi;substantiivi;yhdyssana;;;;
slíður;tuppi;=;islanti;;;;;;
slíðri;tuppi;=;fääri;;;;;;
skede;tuppi;=;tanska;;;;;;
slire;tuppi;=;norja;;;;;;
leaf sheath;tuppi;=;englanti;;;;;;
sheath;tuppi;=;englanti;;;;;;
slida;tuppi;=;ruotsi;;;;;;
bladslida;tuppi;=;ruotsi;;;;;;
lehtivihreä;lehtivihreä;;suomi;substantiivi;yhdyssana;;;;
klorofylli;lehtivihreä;;suomi;substantiivi;yhdyssana;;;;
chlorophyll;lehtivihreä;=;englanti;;;;;;
klorofyll;lehtivihreä;=;ruotsi;;;;;;
lehtivihreätön;lehtivihreätön;;suomi;adjektiivi;yhdyssana;;-tOn;;
non-chlorophyllous;lehtivihreätön;=;englanti;;;;;;
klorofyllös;lehtivihreätön;=;ruotsi;;;;;;
leveän pyöreähkö;leveän pyöreähkö;;suomi;adjektiivi;sanaliitto;;-hkO;;
poikkisoikea;leveän pyöreähkö;;suomi;adjektiivi;yhdyssana;;-eA;;
breiýkringlóttur/ nærri kringlóttur;leveän pyöreähkö;=;islanti;;;;;;
rundligur;leveän pyöreähkö;=;fääri;;;;;;
bredt rundagtigt;leveän pyöreähkö;=;tanska;;;;;;
tverroval;leveän pyöreähkö;=;norja;;;;;;
oblate;leveän pyöreähkö;=;englanti;;;;;;
tväroval;leveän pyöreähkö;=;ruotsi;;;;;;
leveänpuikea;leveänpuikea;;suomi;adjektiivi;yhdyssana;;-eA;;
broadly ovate;leveänpuikea;=;englanti;;;;;;
brett äggrund;leveänpuikea;=;ruotsi;;;;;;
leveänsoikea;leveänsoikea;;suomi;adjektiivi;yhdyssana;;-eA;;
broadly elliptic;leveänsoikea;=;englanti;;;;;;
brett elliptisk;leveänsoikea;=;ruotsi;;;;;;
liuska;liuska;;suomi;substantiivi;yhdistämätön;2-tavuinen A-loppuinen;;;
flipi;liuska;=;islanti;;;;;;
flipi bleðill;liuska;=;islanti;;;;;;
flippur;liuska;=;fääri;;;;;;
flig;liuska;=;tanska;;;;;;
lap;liuska;=;tanska;;;;;;
flik;liuska;=;norja;;;;;;
lobe;liuska;=;englanti;;;;;;
flik;liuska;=;ruotsi;;;;;;
lob;liuska;=;ruotsi;;;;;;
liuskainen;liuskainen;;suomi;adjektiivi;yhdistämätön;;-inen;;
flipóttur;liuskainen;=;islanti;;;;;;
skiptur;liuskainen;=;islanti;;;;;;
flipputur;liuskainen;=;fääri;;;;;;
liðskiftur;liuskainen;=;fääri;;;;;;
fliget;liuskainen;=;tanska;;;;;;
lappet;liuskainen;=;tanska;;;;;;
delt;liuskainen;=;tanska;;;;;;
fliket;liuskainen;=;norja;;;;;;
lobed;liuskainen;=;englanti;;;;;;
dissected;liuskainen;=;englanti;;;;;;
flikig;liuskainen;=;ruotsi;;;;;;
loberad;liuskainen;=;ruotsi;;;;;;
lusikkamainen;lusikkamainen;;suomi;adjektiivi;yhdistämätön;;-mAinen;;
lastamainen;lusikkamainen;;suomi;adjektiivi;yhdistämätön;;-mAinen;;
spónlaga;lusikkamainen;=;islanti;;;;;;
spaðalaga;lusikkamainen;=;islanti;;;;;;
spónvaksin;lusikkamainen;=;fääri;;;;;;
spakavaksin;lusikkamainen;=;fääri;;;;;;
skeformet;lusikkamainen;=;tanska;;;;;;
spatelformet;lusikkamainen;=;tanska;;;;;;
skjeformet;lusikkamainen;=;norja;;;;;;
spadeformet;lusikkamainen;=;norja;;;;;;
spatelformet;lusikkamainen;=;norja;;;;;;
lapiomainen;lusikkamainen;;suomi;adjektiivi;yhdistämätön;;-mAinen;;
cochleariform;lusikkamainen;=;englanti;;;;;;
spathulate;lusikkamainen;=;englanti;;;;;;
skedformad;lusikkamainen;=;ruotsi;;;;;;
spatellik;lusikkamainen;=;ruotsi;;;;;;
skedlik;lusikkamainen;=;ruotsi;;;;;;
spatelformig;lusikkamainen;=;ruotsi;;;;;;
lyhytsuippuinen;lyhytsuippuinen;;suomi;adjektiivi;yhdyssana;;-inen;;
tylppänipukkainen;lyhytsuippuinen;;suomi;adjektiivi;yhdyssana;;-inen;;
broddyddur;lyhytsuippuinen;=;islanti;;;;;;
oddspískur;lyhytsuippuinen;=;fääri;;;;;;
brodspidset;lyhytsuippuinen;=;tanska;;;;;;
kort tilspidset;lyhytsuippuinen;=;tanska;;;;;;
broddspiss;lyhytsuippuinen;=;norja;;;;;;
abruptly tapering;lyhytsuippuinen;=;englanti;;;;;;
apiculate;lyhytsuippuinen;=;englanti;;;;;;
tvärt avsmalnande;lyhytsuippuinen;=;ruotsi;;;;;;
uddspetsig;lyhytsuippuinen;=;ruotsi;;;;;;
mehikasvi;mehikasvi;;suomi;substantiivi;yhdyssana;;;;
mehukasvi;mehikasvi;;suomi;substantiivi;yhdyssana;;;vanhentunut;
sukkulentti;mehikasvi;;suomi;substantiivi;yhdistämätön;;;;
succulent;mehikasvi;=;englanti;;;;;;
suckulent;mehikasvi;=;ruotsi;;;;;;
miekkamainen;miekkamainen;;suomi;adjektiivi;yhdistämätön;;-mAinen;;
sverðlaga;miekkamainen;=;islanti;;;;;;
svørðvaksin;miekkamainen;=;fääri;;;;;;
sværdformet;miekkamainen;=;tanska;;;;;;
sverdformet;miekkamainen;=;norja;;;;;;
ensiform;miekkamainen;=;englanti;;;;;;
svärdlik;miekkamainen;=;ruotsi;;;;;;
munuaismainen;munuaismainen;;suomi;adjektiivi;yhdistämätön;;-mAinen;;
munuamainen;munuaismainen;;suomi;adjektiivi;yhdistämätön;;-mAinen;vanhentunut;
nýrlaga;munuaismainen;=;islanti;;;;;;
nýravaksin;munuaismainen;=;fääri;;;;;;
nyreformet;munuaismainen;=;tanska;;;;;;
nyreformet;munuaismainen;=;norja;;;;;;
reniform;munuaismainen;=;englanti;;;;;;
njurlik;munuaismainen;=;ruotsi;;;;;;
kukka;kukka;;suomi;substantiivi;yhdistämätön;;;;
1 blóm;kukka;=;islanti;;;;;;
2 smávaxið blóm;kukka;=;islanti;;;;;;
smáblóm;kukka;=;islanti;;;;;;
blóma;kukka;=;fääri;;;;;;
blomst;kukka;=;tanska;;;;;;
1 blomst;kukka;=;norja;;;;;;
2 floret;kukka;=;norja;;;;;;
flower;kukka;=;englanti;;;;;;
floret;kukka;>;englanti;;;;;;
blomma;kukka;=;ruotsi;;;;;;
möyheä;möyheä;;suomi;adjektiivi;yhdistämätön;;-eA;;
þykkur og safamikill;möyheä;=;islanti;;;;;;
kjötkenndur;möyheä;=;islanti;;;;;;
kjøtigur;möyheä;=;fääri;;;;;;
kjøtmikil;möyheä;=;fääri;;;;;;
sevjumikil;möyheä;=;fääri;;;;;;
holdmikil;möyheä;=;fääri;;;;;;
sukkulent;möyheä;=;tanska;;;;;;
kødet;möyheä;=;tanska;;;;;;
sukkulent;möyheä;=;norja;;;;;;
kjøttfull;möyheä;=;norja;;;;;;
fleshy;möyheä;=;englanti;;;;;;
succulent;möyheä;=;englanti;;;;;;
carnose;möyheä;=;englanti;;;;;;
köttig;möyheä;=;ruotsi;;;;;;
fet;möyheä;=;ruotsi;;;;;;
saftig;möyheä;=;ruotsi;;;;;;
neulanen;neulanen;;suomi;substantiivi;yhdistämätön;;-nen;;
neulasmainen;neulasmainen;;suomi;adjektiivi;yhdistämätön;;-mAinen;;
neulamainen;neulasmainen;;suomi;adjektiivi;yhdistämätön;;-mAinen;;
nállaga;neulasmainen;=;islanti;;;;;;
nálarskapaður;neulasmainen;=;fääri;;;;;;
nåleformet;neulasmainen;=;tanska;;;;;;
nålformet;neulasmainen;=;norja;;;;;;
acicular;neulasmainen;=;englanti;;;;;;
barrlik;neulasmainen;=;ruotsi;;;;;;
nålformad;neulasmainen;=;ruotsi;;;;;;
nållik;neulasmainen;=;ruotsi;;;;;;
nirhalaitainen;nirhalaitainen;;suomi;adjektiivi;yhdyssana;;-inen;;
nirhainen;nirhalaitainen;;suomi;adjektiivi;yhdistämätön;;-inen;;
dentate;nirhalaitainen;=;englanti;;;;;;
tandad;nirhalaitainen;=;ruotsi;;;;;;
nivel;nivel;;suomi;substantiivi;yhdistämätön;2-tavuinen l-loppuinen;;;
nodi;nivel;;suomi;substantiivi;yhdistämätön;;;;
liýur;nivel;=;islanti;;;;;;
hné;nivel;=;islanti;;;;;;
blaðstæði;nivel;=;islanti;;;;;;
liður;nivel;=;fääri;;;;;;
led;nivel;=;tanska;;;;;;
ledd;nivel;=;norja;;;;;;
node;nivel;=;englanti;;;;;;
led;nivel;=;ruotsi;;;;;;
nod;nivel;=;ruotsi;;;;;;
norkkosuomu;norkkosuomu;;suomi;substantiivi;yhdyssana;;;;
nuolityvinen;nuolityvinen;;suomi;adjektiivi;yhdyssana;;-inen;;
nuolimainen;nuolityvinen;;suomi;adjektiivi;yhdistämätön;;-mAinen;;
örlaga;nuolityvinen;=;islanti;;;;;;
ørvvaksin;nuolityvinen;=;fääri;;;;;;
pilformet;nuolityvinen;=;tanska;;;;;;
pilformet;nuolityvinen;=;norja;;;;;;
sagittate;nuolityvinen;=;englanti;;;;;;
pillik;nuolityvinen;=;ruotsi;;;;;;
nyhälaitainen;nyhälaitainen;;suomi;adjektiivi;yhdyssana;;-inen;;
nyhäinen;nyhälaitainen;;suomi;adjektiivi;yhdistämätön;;;;
bogtenntur;nyhälaitainen;=;islanti;;;;;;
rundtentur;nyhälaitainen;=;fääri;;;;;;
rundtakket;nyhälaitainen;=;tanska;;;;;;
rundtannet;nyhälaitainen;=;norja;;;;;;
crenate;nyhälaitainen;=;englanti;;;;;;
naggad;nyhälaitainen;=;ruotsi;;;;;;
ora;ora;;suomi;substantiivi;yhdistämätön;2-tavuinen A-loppuinen;;;
þyrnir;ora;=;islanti;;;;;;
tornur;ora;=;fääri;;;;;;
torn;ora;=;tanska;;;;;;
grentorn;ora;=;tanska;;;;;;
torn;ora;=;norja;;;;;;
thorn;ora;=;englanti;;;;;;
torn;ora;=;ruotsi;;;;;;
stamtorn;ora;=;ruotsi;;;;;;
tagg;ora;=;ruotsi;;;;;;
oralehti;oralehti;;suomi;substantiivi;yhdyssana;;;;
spine;oralehti;=;englanti;;;;;;
spike leaf;oralehti;=;englanti;;;;;;
bladtorn;oralehti;=;ruotsi;;;;;;
oraoksa;oraoksa;;suomi;substantiivi;yhdyssana;;;;
thorn;oraoksa;=;englanti;;;;;;
torngren;oraoksa;=;ruotsi;;;;;;
grentorn;oraoksa;=;ruotsi;;;;;;
parihalkoinen;parihalkoinen;;suomi;adjektiivi;yhdyssana;;-inen;;
fjaýurskertur;parihalkoinen;=;islanti;;;;;;
fjaÙurflipputur;parihalkoinen;=;fääri;;;;;;
fjerfliget;parihalkoinen;=;tanska;;;;;;
fjærfliket;parihalkoinen;=;norja;;;;;;
pinnatifid;parihalkoinen;=;englanti;;;;;;
parflikig;parihalkoinen;=;ruotsi;;;;;;
parflikig (grunt);parihalkoinen;=;ruotsi;;;;;;
parkluven;parihalkoinen;=;ruotsi;;;;;;
parijakoinen;parijakoinen;;suomi;adjektiivi;yhdyssana;;-inen;;
fjaðurskertur;parijakoinen;=;islanti;;;;;;
fjaðurskerdur;parijakoinen;=;fääri;;;;;;
fjerfliget;parijakoinen;=;tanska;;;;;;
fjærfliket;parijakoinen;=;norja;;;;;;
pinnatifid;parijakoinen;=;englanti;;;;;;
parflikig (djupt);parijakoinen;=;ruotsi;;;;;;
parilehdykkäinen;parilehdykkäinen;;suomi;adjektiivi;yhdyssana;;-inen;;
pinnate;parilehdykkäinen;=;englanti;;;;;;
parbladig;parilehdykkäinen;=;ruotsi;;;;;;
pariliuskainen;pariliuskainen;;suomi;adjektiivi;yhdyssana;;-inen;;
pinnately lobed;pariliuskainen;=;englanti;;;;;;
parflikig;pariliuskainen;=;ruotsi;;;;;;
pariosainen;pariosainen;;suomi;adjektiivi;yhdyssana;;-inen;;
hálffjaýraýur;pariosainen;=;islanti;;;;;;
fjaðurskiptur;pariosainen;=;islanti;;;;;;
fjaðurdeildur;pariosainen;=;fääri;;;;;;
fjersnitdelt;pariosainen;=;tanska;;;;;;
fjædelt;pariosainen;=;norja;;;;;;
pinnatisect;pariosainen;=;englanti;;;;;;
parflikig med fria basflikar;pariosainen;=;ruotsi;;;;;;
parflikig (mycket djupt);pariosainen;=;ruotsi;;;;;;
djupt parflikig;pariosainen;=;ruotsi;;;;;;
pieninyhäinen;pieninyhäinen;;suomi;adjektiivi;yhdyssana;;-inen;;
smábogtenntur;pieninyhäinen;=;islanti;;;;;;
smárundtentur;pieninyhäinen;=;fääri;;;;;;
fint rundtakket;pieninyhäinen;=;tanska;;;;;;
fint rundtannet;pieninyhäinen;=;norja;;;;;;
crenulate;pieninyhäinen;=;englanti;;;;;;
fint naggad;pieninyhäinen;=;ruotsi;;;;;;
piikkikärkinen;piikkikärkinen;;suomi;adjektiivi;yhdyssana;;-inen;;
pistävä;piikkikärkinen;;suomi;adjektiivi;yhdistämätön;;-vA;;
oddhvass;piikkikärkinen;=;islanti;;;;;;
oddhvassur;piikkikärkinen;=;fääri;;;;;;
stikkende;piikkikärkinen;=;tanska;;;;;;
stikkende;piikkikärkinen;=;norja;;;;;;
pungent;piikkikärkinen;=;englanti;;;;;;
stingande;piikkikärkinen;=;ruotsi;;;;;;
stickande;piikkikärkinen;=;ruotsi;;;;;;
pitkulainen;pitkulainen;;suomi;adjektiivi;yhdistämätön;;-lAinen;;
pitkänomainen;pitkulainen;;suomi;adjektiivi;yhdyssana;;-inen;;
ílangur;pitkulainen;=;islanti;;;;;;
longdur;pitkulainen;=;fääri;;;;;;
forlænget;pitkulainen;=;tanska;;;;;;
utdratt;pitkulainen;=;norja;;;;;;
oblong;pitkulainen;=;englanti;;;;;;
elongate;pitkulainen;=;englanti;;;;;;
elongated;pitkulainen;=;englanti;;;;;;
utdragen;pitkulainen;=;ruotsi;;;;;;
förlängd;pitkulainen;=;ruotsi;;;;;;
pitkänpyöreä;pitkänpyöreä;;suomi;adjektiivi;yhdyssana;;-eA;;
aflangur;pitkänpyöreä;=;islanti;;;;;;
avlangur;pitkänpyöreä;=;fääri;;;;;;
aflang;pitkänpyöreä;=;tanska;;;;;;
avlang;pitkänpyöreä;=;norja;;;;;;
oblong;pitkänpyöreä;=;englanti;;;;;;
oval;pitkänpyöreä;=;englanti;;;;;;
brett avlång;pitkänpyöreä;=;ruotsi;;;;;;
oval;pitkänpyöreä;=;ruotsi;;;;;;
pitkäsuippuinen;pitkäsuippuinen;;suomi;adjektiivi;yhdyssana;;-inen;;
terävänipukkainen;pitkäsuippuinen;;suomi;adjektiivi;yhdyssana;;-inen;;
langyddur;pitkäsuippuinen;=;islanti;;;;;;
oddspískur;pitkäsuippuinen;=;fääri;;;;;;
tilspidset;pitkäsuippuinen;=;tanska;;;;;;
tilspisset;pitkäsuippuinen;=;norja;;;;;;
acuminate;pitkäsuippuinen;=;englanti;;;;;;
tillspetsad;pitkäsuippuinen;=;ruotsi;;;;;;
puikea;puikea;;suomi;adjektiivi;yhdistämätön;;-eA;;
egglaga;puikea;=;islanti;;;;;;
eggvaksin;puikea;=;fääri;;;;;;
ægformet;puikea;=;tanska;;;;;;
eggformet;puikea;=;norja;;;;;;
eggrund;puikea;=;norja;;;;;;
ovate;puikea;=;englanti;;;;;;
äggrund;puikea;=;ruotsi;;;;;;
pullakko;pullakko;;suomi;substantiivi;yhdistämätön;;-kkO;;
hulstur;pullakko;=;islanti;;;;;;
frukthylki;pullakko;=;fääri;;;;;;
frugthylster;pullakko;=;tanska;;;;;;
fruktgjemme;pullakko;=;norja;;;;;;
utriculus;pullakko;=;norja;;;;;;
utricle;pullakko;=;englanti;;;;;;
perigynium;pullakko;=;englanti;;;;;;
fruktgömme;pullakko;=;ruotsi;;;;;;
purje;purje;;suomi;substantiivi;yhdistämätön;2-tavuinen e-loppuinen;;;
fáni;purje;=;islanti;;;;;;
fáni;purje;=;fääri;;;;;;
fane;purje;=;tanska;;;;;;
fane;purje;=;norja;;;;;;
standard;purje;=;englanti;;;;;;
vexillum;purje;=;englanti;;;;;;
segel;purje;=;ruotsi;;;;;;
pussimainen;pussimainen;;suomi;adjektiivi;yhdistämätön;;-mAinen;;
säkkimäinen;pussimainen;;suomi;adjektiivi;yhdistämätön;;-mAinen;;
sekklaga;pussimainen;=;islanti;;;;;;
sekkjarvaksin;pussimainen;=;fääri;;;;;;
sækformet;pussimainen;=;tanska;;;;;;
sekkformet;pussimainen;=;norja;;;;;;
saccate;pussimainen;=;englanti;;;;;;
säcklik;pussimainen;=;ruotsi;;;;;;
pyyntirakkula;pyyntirakkula;;suomi;substantiivi;yhdyssana;;;;
trapbladder;pyyntirakkula;=;englanti;;;;;;
bladder;pyyntirakkula;=;englanti;;;;;;
fångstblåsa;pyyntirakkula;=;ruotsi;;;;;;
pyöreä;pyöreä;;suomi;adjektiivi;yhdistämätön;;-eA;;
kringlóttur;pyöreä;=;islanti;;;;;;
rundur;pyöreä;=;fääri;;;;;;
cirkelrund;pyöreä;=;tanska;;;;;;
sirkelrund;pyöreä;=;norja;;;;;;
orbicular;pyöreä;=;englanti;;;;;;
cirkelrund;pyöreä;=;ruotsi;;;;;;
rund;pyöreä;=;ruotsi;;;;;;
pyöreähkö;pyöreähkö;;suomi;adjektiivi;yhdistämätön;;-hkO;;
roundish;pyöreähkö;=;englanti;;;;;;
rundad;pyöreähkö;=;ruotsi;;;;;;
päätölehdykkä;päätölehdykkä;;suomi;substantiivi;yhdyssana;;;;
päätöliuska;päätöliuska;;suomi;substantiivi;yhdyssana;;;;
päätöparinen;päätöparinen;;suomi;adjektiivi;yhdyssana;;-inen;;
päätölehdykkäinen;päätöparinen;;suomi;adjektiivi;yhdyssana;;-inen;;
stakfjaðraður;päätöparinen;=;islanti;;;;;;
stakfinnutur;päätöparinen;=;fääri;;;;;;
uligefinnet;päätöparinen;=;tanska;;;;;;
ulikefinnet;päätöparinen;=;norja;;;;;;
imparipinnate;päätöparinen;=;englanti;;;;;;
parbladig med uddblad;päätöparinen;=;ruotsi;;;;;;
med uddblad;päätöparinen;=;ruotsi;;;;;;
ripsireunainen;ripsireunainen;;suomi;adjektiivi;yhdyssana;;-inen;;
randhærður;ripsireunainen;=;islanti;;;;;;
randhærdur;ripsireunainen;=;fääri;;;;;;
ciliat;ripsireunainen;=;tanska;;;;;;
randhåret;ripsireunainen;=;tanska;;;;;;
kanthåret;ripsireunainen;=;norja;;;;;;
ciliate;ripsireunainen;=;englanti;;;;;;
cilierad;ripsireunainen;=;ruotsi;;;;;;
ripsisahainen;ripsisahainen;;suomi;adjektiivi;yhdyssana;;-inen;;
serrate-ciliate;ripsisahainen;=;englanti;;;;;;
ristikkäinen;ristikkäinen;;suomi;adjektiivi;yhdistämätön;;-kkAinen;;
ristikkäin vastakkaiset;ristikkäinen;;suomi;adjektiivi;sanaliitto;;-kkAinen;;
krossgagnstæður;ristikkäinen;=;islanti;;;;;;
krossvíst andstaddur;ristikkäinen;=;fääri;;;;;;
parvist/korsvist modsatte;ristikkäinen;=;tanska;;;;;;
korsvis motsatt;ristikkäinen;=;norja;;;;;;
decussate;ristikkäinen;=;englanti;;;;;;
korsvis motsatta blad;ristikkäinen;=;ruotsi;;;;;;
korsvis motsatta;ristikkäinen;=;ruotsi;;;;;;
ruusuke;ruusuke;;suomi;substantiivi;yhdistämätön;;-ke;;
lehtiruusuke;ruusuke;;suomi;substantiivi;yhdyssana;;;;
blaðhvirfing;ruusuke;=;islanti;;;;;;
stovnhviril;ruusuke;=;fääri;;;;;;
roset;ruusuke;=;tanska;;;;;;
rosett;ruusuke;=;norja;;;;;;
rosette;ruusuke;=;englanti;;;;;;
rosett;ruusuke;=;ruotsi;;;;;;
bladrosett;ruusuke;=;ruotsi;;;;;;
ruusukkeinen;ruusukkeinen;;suomi;adjektiivi;yhdyssana;;-inen;;
rosetted;ruusukkeinen;=;englanti;;;;;;
i rosett;ruusukkeinen;=;ruotsi;;;;;;
sahalaitainen;sahalaitainen;;suomi;adjektiivi;yhdyssana;;-inen;;
sahainen;sahalaitainen;;suomi;adjektiivi;yhdistämätön;;-inen;;
sagtenntur;sahalaitainen;=;islanti;;;;;;
sagtentur;sahalaitainen;=;fääri;;;;;;
savtakket;sahalaitainen;=;tanska;;;;;;
sagtannet;sahalaitainen;=;norja;;;;;;
serrate;sahalaitainen;=;englanti;;;;;;
sågad;sahalaitainen;=;ruotsi;;;;;;
sågad bladkant;sahalaitainen;=;ruotsi;;;;;;
sepivä;sepivä;;suomi;adjektiivi;yhdistämätön;;-vA;;
lykur um;sepivä;=;islanti;;;;;;
greipfættur;sepivä;=;islanti;;;;;;
með slíðri;sepivä;=;islanti;;;;;;
slíðraður;sepivä;=;islanti;;;;;;
groyptur;sepivä;=;fääri;;;;;;
við slíðra;sepivä;=;fääri;;;;;;
slíðraður;sepivä;=;fääri;;;;;;
omsluttende;sepivä;=;tanska;;;;;;
stængelomfattende;sepivä;=;tanska;;;;;;
omsluttende;sepivä;=;norja;;;;;;
stengelomfattende;sepivä;=;norja;;;;;;
clasping;sepivä;=;englanti;;;;;;
amplexicaul;sepivä;=;englanti;;;;;;
perfoliate;sepivä;=;englanti;;;;;;
stem-clasping;sepivä;=;englanti;;;;;;
omslutande;sepivä;=;ruotsi;;;;;;
stjälkomfattande;sepivä;=;ruotsi;;;;;;
stjälkomväxande;sepivä;=;ruotsi;;;;;;
aaltopoimuinen;aaltopoimuinen;;suomi;adjektiivi;yhdyssana;;-inen;;
aaltoileva;aaltopoimuinen;;suomi;adjektiivi;yhdistämätön;;-vA;;
bylgjóttur;aaltopoimuinen;=;islanti;;;;;;
bylgjutur;aaltopoimuinen;=;fääri;;;;;;
bølget;aaltopoimuinen;=;tanska;;;;;;
bølget;aaltopoimuinen;=;norja;;;;;;
undulate;aaltopoimuinen;=;englanti;;;;;;
undulerad;aaltopoimuinen;=;ruotsi;;;;;;
vågig;aaltopoimuinen;=;ruotsi;;;;;;
silmu;silmu;;suomi;substantiivi;yhdistämätön;2-tavuinen U-loppuinen;;;
brum;silmu;=;islanti;;;;;;
knappur;silmu;=;islanti;;;;;;
knappur;silmu;=;fääri;;;;;;
knubbi;silmu;=;fääri;;;;;;
knop;silmu;=;tanska;;;;;;
knopp;silmu;=;norja;;;;;;
bud;silmu;=;englanti;;;;;;
knopp;silmu;=;ruotsi;;;;;;
silmusuomu;silmusuomu;;suomi;substantiivi;yhdyssana;;;;
brumhlífar;silmusuomu;=;islanti;;;;;;
knappaflus;silmusuomu;=;fääri;;;;;;
knopskæl;silmusuomu;=;tanska;;;;;;
knoppskjell;silmusuomu;=;norja;;;;;;
bud scale;silmusuomu;=;englanti;;;;;;
knoppfjäll;silmusuomu;=;ruotsi;;;;;;
silposuoninen;silposuoninen;;suomi;adjektiivi;yhdyssana;;-inen;;
beinstrengjótt;silposuoninen;=;islanti;;;;;;
bogstrengjótt;silposuoninen;=;islanti;;;;;;
beinæðrað;silposuoninen;=;fääri;;;;;;
boginæðrað;silposuoninen;=;fääri;;;;;;
ligestrenget;silposuoninen;=;tanska;;;;;;
buestrenget;silposuoninen;=;tanska;;;;;;
linjenerva;silposuoninen;=;norja;;;;;;
bogenerva;silposuoninen;=;norja;;;;;;
parallel venation;silposuoninen;=;englanti;;;;;;
parallel-veined;silposuoninen;=;englanti;;;;;;
parallellnervig;silposuoninen;=;ruotsi;;;;;;
enkelnervig;silposuoninen;=;ruotsi;;;;;;
sisähelve;sisähelve;;suomi;substantiivi;yhdyssana;;;;
innri blómögn;sisähelve;=;islanti;;;;;;
ovara blómuøgn;sisähelve;=;fääri;;;;;;
øvre inderavne;sisähelve;=;tanska;;;;;;
forblad;sisähelve;=;tanska;;;;;;
forblad;sisähelve;=;norja;;;;;;
palea;sisähelve;=;englanti;;;;;;
inneragn;sisähelve;=;ruotsi;;;;;;
innerblomfjäll;sisähelve;=;ruotsi;;;;;;
soikea;soikea;;suomi;adjektiivi;yhdistämätön;;-eA;;
sporlaga;soikea;=;islanti;;;;;;
sporbaugóttur;soikea;=;islanti;;;;;;
eggklingrutur;soikea;=;fääri;;;;;;
oddklingrutur;soikea;=;fääri;;;;;;
eggvaksin;soikea;=;fääri;;;;;;
elliptisk;soikea;=;tanska;;;;;;
elliptisk;soikea;=;norja;;;;;;
elliptic;soikea;=;englanti;;;;;;
elliptisk;soikea;=;ruotsi;;;;;;
oval;soikea;=;ruotsi;;;;;;
sormilehdykkäinen;sormilehdykkäinen;;suomi;adjektiivi;yhdyssana;;-inen;;
fingraður;sormilehdykkäinen;=;islanti;;;;;;
fingrutur;sormilehdykkäinen;=;fääri;;;;;;
fingret;sormilehdykkäinen;=;tanska;;;;;;
koplet;sormilehdykkäinen;=;norja;;;;;;
palmate;sormilehdykkäinen;=;englanti;;;;;;
digitate;sormilehdykkäinen;=;englanti;;;;;;
fingrad;sormilehdykkäinen;=;ruotsi;;;;;;
sormiliuskainen;sormiliuskainen;;suomi;adjektiivi;yhdyssana;;-inen;;
handflipóttur;sormiliuskainen;=;islanti;;;;;;
handflipputur;sormiliuskainen;=;fääri;;;;;;
håndfliget;sormiliuskainen;=;tanska;;;;;;
håndlappet;sormiliuskainen;=;tanska;;;;;;
handfliket;sormiliuskainen;=;norja;;;;;;
palmate;sormiliuskainen;=;englanti;;;;;;
palmately-lobed;sormiliuskainen;=;englanti;;;;;;
handflikig;sormiliuskainen;=;ruotsi;;;;;;
suikea;suikea;;suomi;adjektiivi;yhdistämätön;;-eA;;
lensulaga;suikea;=;islanti;;;;;;
váknvaksin;suikea;=;fääri;;;;;;
lancetformet;suikea;=;tanska;;;;;;
lansettformet;suikea;=;norja;;;;;;
narrowly elliptic;suikea;=;englanti;;;;;;
lanceolate;suikea;=;englanti;;;;;;
smalt elliptisk;suikea;=;ruotsi;;;;;;
lancettlik;suikea;=;ruotsi;;;;;;
sulkasuoninen;sulkasuoninen;;suomi;adjektiivi;yhdyssana;;-inen;;
fjaðurstrengjóttur;sulkasuoninen;=;islanti;;;;;;
fjaðuræðrað;sulkasuoninen;=;fääri;;;;;;
fjerstrenget;sulkasuoninen;=;tanska;;;;;;
fjernervet;sulkasuoninen;=;tanska;;;;;;
fjørnerva;sulkasuoninen;=;norja;;;;;;
pinnate venation;sulkasuoninen;=;englanti;;;;;;
pinnately veined;sulkasuoninen;=;englanti;;;;;;
fjädernervig;sulkasuoninen;=;ruotsi;;;;;;
suojuslehti;suojuslehti;;suomi;substantiivi;yhdyssana;;;;
stoðblað; stórreifar (Apiaceae); heirsturblaðka (Pinaceae);suojuslehti;=;islanti;;;;;;
studningsblað; stórreivblað (Apiaceae);suojuslehti;=;fääri;;;;;;
støtteblad; storsvøb (Apiaceae); dækskæl (Pinaceae);suojuslehti;=;tanska;;;;;;
støtteblad; storsvøpblad (Apiaceae);suojuslehti;=;norja;;;;;;
dekkskjell (Pinaceae);suojuslehti;=;norja;;;;;;
bract;suojuslehti;=;englanti;;;;;;
stödblad;suojuslehti;=;ruotsi;;;;;;
svepeblad (i allmänt svepe; Apiaceae); täckfjäll (Pinaceae);suojuslehti;=;ruotsi;;;;;;
suojussuomu;suojussuomu;;suomi;substantiivi;yhdyssana;;;;
bract;suojussuomu;=;englanti;;;;;;
stödblad (litet);suojussuomu;=;ruotsi;;;;;;
suomu;suomu;;suomi;substantiivi;yhdistämätön;2-tavuinen U-loppuinen;;;
hreistur;suomu;=;islanti;;;;;;
flus;suomu;=;fääri;;;;;;
skæl;suomu;=;tanska;;;;;;
skjell;suomu;=;norja;;;;;;
scale;suomu;=;englanti;;;;;;
fjäll;suomu;=;ruotsi;;;;;;
suomulehti;suomulehti;;suomi;substantiivi;yhdyssana;;;;
scale leaf;suomulehti;=;englanti;;;;;;
suomumainen;suomumainen;;suomi;adjektiivi;yhdistämätön;;-mAinen;;
scale-like;suomumainen;=;englanti;;;;;;
fjällik;suomumainen;=;ruotsi;;;;;;
suoni;suoni;;suomi;substantiivi;yhdistämätön;2-tavuinen i-loppuinen;;;
lehtisuoni;suoni;;suomi;substantiivi;yhdyssana;;;suositeltu;
strengur;suoni;=;islanti;;;;;;
æð;suoni;=;islanti;;;;;;
æðr;suoni;=;fääri;;;;;;
nerve;suoni;=;tanska;;;;;;
streng;suoni;=;tanska;;;;;;
nerve;suoni;=;norja;;;;;;
åre;suoni;=;norja;;;;;;
vein;suoni;=;englanti;;;;;;
nerve;suoni;=;englanti;;;;;;
nerv;suoni;=;ruotsi;;;;;;
suonitus;suonitus;;suomi;substantiivi;yhdistämätön;;-Us;;
vernation;suonitus;=;englanti;;;;;;
nervatur;suonitus;=;ruotsi;;;;;;
surkastunut;surkastunut;;suomi;adjektiivi;yhdistämätön;;-nUt;;
abortiivinen;surkastunut;;suomi;adjektiivi;yhdistämätön;;-inen;;
sem misferst;surkastunut;=;islanti;;;;;;
vanþroskaður;surkastunut;=;islanti;;;;;;
óþarfur;surkastunut;=;islanti;;;;;;
ófullkomin;surkastunut;=;fääri;;;;;;
avlagaður;surkastunut;=;fääri;;;;;;
abortiv;surkastunut;=;tanska;;;;;;
aborterende;surkastunut;=;tanska;;;;;;
ridimentær;surkastunut;=;tanska;;;;;;
aborterende;surkastunut;=;norja;;;;;;
rudimentær;surkastunut;=;norja;;;;;;
rudimentaarinen;surkastunut;;suomi;adjektiivi;yhdistämätön;;-inen;;
reduced;surkastunut;=;englanti;;;;;;
abortive;surkastunut;=;englanti;;;;;;
vestigial;surkastunut;=;englanti;;;;;;
rudimentary;surkastunut;=;englanti;;;;;;
reducerad;surkastunut;=;ruotsi;;;;;;
aborterande;surkastunut;=;ruotsi;;;;;;
tillbakabildad;surkastunut;=;ruotsi;;;;;;
rudimentär;surkastunut;=;ruotsi;;;;;;
tasaparinen;tasaparinen;;suomi;adjektiivi;yhdyssana;;-inen;;
tasalehdykkäinen;tasaparinen;;suomi;adjektiivi;yhdyssana;;-inen;;
jafnfjaðraður;tasaparinen;=;islanti;;;;;;
makafinnutur;tasaparinen;=;fääri;;;;;;
ligefinnet;tasaparinen;=;tanska;;;;;;
likefinnet;tasaparinen;=;norja;;;;;;
paripinnate;tasaparinen;=;englanti;;;;;;
parbladig utan uddblad;tasaparinen;=;ruotsi;;;;;;
tasasoukka;tasasoukka;;suomi;adjektiivi;yhdyssana;;-kkA;;
nauhamainen;tasasoukka;;suomi;adjektiivi;yhdistämätön;;-mAinen;;
striklaga;tasasoukka;=;islanti;;;;;;
strikuvaksin;tasasoukka;=;fääri;;;;;;
lineær;tasasoukka;=;tanska;;;;;;
linieformet;tasasoukka;=;tanska;;;;;;
linjeformet;tasasoukka;=;norja;;;;;;
lienær;tasasoukka;=;norja;;;;;;
linear;tasasoukka;=;englanti;;;;;;
linjär;tasasoukka;=;ruotsi;;;;;;
jämnbred;tasasoukka;=;ruotsi;;;;;;
teriö;teriö;;suomi;substantiivi;yhdistämätön;;-iO;;
króna;teriö;=;islanti;;;;;;
krúna;teriö;=;fääri;;;;;;
krone;teriö;=;tanska;;;;;;
krone;teriö;=;norja;;;;;;
corolla;teriö;=;englanti;;;;;;
krona;teriö;=;ruotsi;;;;;;
terälehti;terälehti;;suomi;substantiivi;yhdyssana;;;;
krónublað;terälehti;=;islanti;;;;;;
krúnublað;terälehti;=;fääri;;;;;;
kronblad;terälehti;=;tanska;;;;;;
kronblad;terälehti;=;norja;;;;;;
petal;terälehti;=;englanti;;;;;;
kronblad;terälehti;=;ruotsi;;;;;;
terävä;terävä;;suomi;adjektiivi;yhdistämätön;;-vA;;
suippo;terävä;;suomi;adjektiivi;yhdistämätön;2-tavuinen O-loppuinen;;;
yddur;terävä;=;islanti;;;;;;
spískur;terävä;=;fääri;;;;;;
spids;terävä;=;tanska;;;;;;
spiss;terävä;=;norja;;;;;;
teräväkärkinen;terävä;;suomi;adjektiivi;yhdyssana;;;;
suippokärkinen;terävä;;suomi;adjektiivi;yhdyssana;;-inen;;
acute;terävä;=;englanti;;;;;;
spetsig;terävä;=;ruotsi;;;;;;
toissahainen;toissahainen;;suomi;adjektiivi;yhdyssana;;-inen;;
toishampainen;toissahainen;;suomi;adjektiivi;yhdyssana;;-inen;;
tvítenntur (tvöfalt tennur);toissahainen;=;islanti;;;;;;
tvísagtenntur (tvölfalt sagtennur);toissahainen;=;islanti;;;;;;
tvísagtentur;toissahainen;=;fääri;;;;;;
tvítentur;toissahainen;=;fääri;;;;;;
dobbeltannet;toissahainen;=;tanska;;;;;;
dobbelt savtakket;toissahainen;=;tanska;;;;;;
dobbelt tandet;toissahainen;=;tanska;;;;;;
dubbelt tandad;toissahainen;=;norja;;;;;;
dobbelt sagtannet;toissahainen;=;norja;;;;;;
dobbeltannet;toissahainen;=;norja;;;;;;
kaksoissahainen;toissahainen;;suomi;adjektiivi;yhdyssana;;-inen;;
doubly dentate;toissahainen;=;englanti;;;;;;
dublicato-dentate;toissahainen;=;englanti;;;;;;
doubly serrate;toissahainen;=;englanti;;;;;;
biserrate;toissahainen;=;englanti;;;;;;
dubbelsågad;toissahainen;=;ruotsi;;;;;;
dubbeltandad;toissahainen;=;ruotsi;;;;;;
dubbelt sågtandad;toissahainen;=;ruotsi;;;;;;
tukilehti;tukilehti;;suomi;substantiivi;yhdyssana;;;;
subtending bract;tukilehti;=;englanti;;;;;;
supporting leaf;tukilehti;=;englanti;;;;;;
stödblad;tukilehti;=;ruotsi;;;;;;
tuppimainen;tuppimainen;;suomi;adjektiivi;yhdistämätön;;-mAinen;;
sheath-like leaf;tuppimainen;=;englanti;;;;;;
slidlikt blad;tuppimainen;=;ruotsi;;;;;;
tylppä;tylppä;;suomi;adjektiivi;yhdistämätön;2-tavuinen A-loppuinen;;;
oddlaus;tylppä;=;islanti;;;;;;
týtulaus;tylppä;=;islanti;;;;;;
snubbóttur;tylppä;=;islanti;;;;;;
kubbutur;tylppä;=;fääri;;;;;;
but;tylppä;=;tanska;;;;;;
stakløs;tylppä;=;tanska;;;;;;
butt;tylppä;=;norja;;;;;;
snerplaus;tylppä;=;norja;;;;;;
muticous;tylppä;=;englanti;;;;;;
obtuse;tylppä;=;englanti;;;;;;
truncate;tylppä;=;englanti;;;;;;
trubbig;tylppä;=;ruotsi;;;;;;
tvär;tylppä;=;ruotsi;;;;;;
tähkäsuomu;tähkäsuomu;;suomi;substantiivi;yhdyssana;;;;
ulkohelve;ulkohelve;;suomi;substantiivi;yhdyssana;;;;
ytri blómögn;ulkohelve;=;islanti;;;;;;
niðara blómuøgn;ulkohelve;=;fääri;;;;;;
nedre inderavne;ulkohelve;=;tanska;;;;;;
dækblad;ulkohelve;=;tanska;;;;;;
inneragne;ulkohelve;=;norja;;;;;;
lemma;ulkohelve;=;englanti;;;;;;
ytteragn;ulkohelve;=;ruotsi;;;;;;
ytterblomfjäll;ulkohelve;=;ruotsi;;;;;;
ulkosuomu;ulkosuomu;;suomi;substantiivi;yhdyssana;;;suositeltu;
lisäkehtosuomu;ulkosuomu;;suomi;substantiivi;yhdyssana;;;;
uposlehti;uposlehti;;suomi;substantiivi;yhdyssana;;;;
sänkblad;uposlehti;=;ruotsi;;;;;;
submerst blad;uposlehti;=;ruotsi;;;;;;
varsilehti;varsilehti;;suomi;substantiivi;yhdyssana;;;;
stem leaf;varsilehti;=;englanti;;;;;;
mellanblad;varsilehti;=;ruotsi;;;;;;
stjälkblad;varsilehti;=;ruotsi;;;;;;
vastaherttamainen;vastaherttamainen;;suomi;adjektiivi;yhdyssana;;-inen;;
vastoherttainen;vastaherttamainen;;suomi;adjektiivi;yhdyssana;;-inen;vanhentunut;
öfughjartalaga;vastaherttamainen;=;islanti;;;;;;
øvut hjartavaksin;vastaherttamainen;=;fääri;;;;;;
omvendt hjerteformet;vastaherttamainen;=;tanska;;;;;;
omvendt hjerteformet;vastaherttamainen;=;norja;;;;;;
obcordate;vastaherttamainen;=;englanti;;;;;;
omvänt hjärtlik;vastaherttamainen;=;ruotsi;;;;;;
vastakkainen;vastakkainen;;suomi;adjektiivi;yhdistämätön;;-kkAinen;;
gagnstæður;vastakkainen;=;islanti;;;;;;
andstaddur;vastakkainen;=;fääri;;;;;;
modsat;vastakkainen;=;tanska;;;;;;
motsatt;vastakkainen;=;norja;;;;;;
opposite;vastakkainen;=;englanti;;;;;;
motsatt;vastakkainen;=;ruotsi;;;;;;
vastakolmiomainen;vastakolmiomainen;;suomi;adjektiivi;yhdyssana;;-mAinen;;
vastapuikea;vastapuikea;;suomi;adjektiivi;yhdyssana;;-eA;;
vastopuikea;vastapuikea;;suomi;adjektiivi;yhdyssana;;-eA;vanhentunut;
öfugegglaga;vastapuikea;=;islanti;;;;;;
øvut eggvaksin;vastapuikea;=;fääri;;;;;;
omvendt ægformet;vastapuikea;=;tanska;;;;;;
omvendt eggformet;vastapuikea;=;norja;;;;;;
obovate;vastapuikea;=;englanti;;;;;;
omvänt äggrund;vastapuikea;=;ruotsi;;;;;;
venho;venho;;suomi;substantiivi;yhdistämätön;2-tavuinen O-loppuinen;;;
köli;venho;;suomi;substantiivi;yhdistämätön;2-tavuinen i-loppuinen;;;
kjölur;venho;=;islanti;;;;;;
kjølur;venho;=;fääri;;;;;;
køl;venho;=;tanska;;;;;;
kjøl;venho;=;norja;;;;;;
keel;venho;=;englanti;;;;;;
köl;venho;=;ruotsi;;;;;;
verhiö;verhiö;;suomi;substantiivi;yhdistämätön;;-iO;;kreik. kalyks = malja
bikar;verhiö;=;islanti;;;;;;
blómubikar;verhiö;=;fääri;;;;;;
bikar;verhiö;=;fääri;;;;;;
bæger;verhiö;=;tanska;;;;;;
beger;verhiö;=;norja;;;;;;
calyx (pl. calyces);verhiö;=;englanti;;;;;;
foder;verhiö;=;ruotsi;;;;;;
verholehti;verholehti;;suomi;substantiivi;yhdyssana;;;;
bikarblað;verholehti;=;islanti;;;;;;
bikarblað;verholehti;=;fääri;;;;;;
bægerblad;verholehti;=;tanska;;;;;;
begerblad;verholehti;=;norja;;;;;;
sepal;verholehti;=;englanti;;;;;;
foderblad;verholehti;=;ruotsi;;;;;;
verkkomainen;verkkomainen;;suomi;adjektiivi;yhdistämätön;;-mAinen;;
verkkopintainen;verkkomainen;;suomi;adjektiivi;yhdyssana;;-inen;;
meý æýaneti;verkkomainen;=;islanti;;;;;;
netgreining;verkkomainen;=;islanti;;;;;;
netmynstraður;verkkomainen;=;islanti;;;;;;
netgreining;verkkomainen;=;fääri;;;;;;
net-;verkkomainen;=;fääri;;;;;;
netæðraður;verkkomainen;=;fääri;;;;;;
netåret;verkkomainen;=;tanska;;;;;;
anastomoserende;verkkomainen;=;tanska;;;;;;
nettåret;verkkomainen;=;norja;;;;;;
dannenettverk;verkkomainen;=;norja;;;;;;
reticulate;verkkomainen;=;englanti;;;;;;
anastomosing;verkkomainen;=;englanti;;;;;;
nätlik;verkkomainen;=;ruotsi;;;;;;
nätådrig;verkkomainen;=;ruotsi;;;;;;
anastomoserande;verkkomainen;=;ruotsi;;;;;;
nätlik nervatur;verkkomainen;=;ruotsi;;;;;;
verkkosuoninen;verkkosuoninen;;suomi;adjektiivi;yhdyssana;;-inen;;
net-veined;verkkosuoninen;=;englanti;;;;;;
nätnervig;verkkosuoninen;=;ruotsi;;;;;;
vesalehti;vesalehti;;suomi;substantiivi;yhdyssana;;;;
vuorolehdykkäinen;vuorolehdykkäinen;;suomi;adjektiivi;yhdyssana;;-kkAinen;;
vuoroparinen;vuorolehdykkäinen;;suomi;adjektiivi;yhdyssana;;-inen;vanhentunut;
jafnfjaðraður;vuorolehdykkäinen;=;islanti;;;;;;
víxlfjaðraður;vuorolehdykkäinen;=;islanti;;;;;;
misstatt finnutur;vuorolehdykkäinen;=;fääri;;;;;;
alternerende finnet;vuorolehdykkäinen;=;tanska;;;;;;
alternerende finnet;vuorolehdykkäinen;=;norja;;;;;;
alternately pinnate;vuorolehdykkäinen;=;englanti;;;;;;
växelvis parbladig;vuorolehdykkäinen;=;ruotsi;;;;;;
vuorottainen;vuorottainen;;suomi;adjektiivi;yhdistämätön;;-ttAinen;;
stakstæður;vuorottainen;=;islanti;;;;;;
misstaddur;vuorottainen;=;fääri;;;;;;
alternerende;vuorottainen;=;tanska;;;;;;
alternerende;vuorottainen;=;norja;;;;;;
alternate;vuorottainen;<;englanti;;;;;;
spiralställda blad;vuorottainen;=;ruotsi;;;;;;
växelvis;vuorottainen;=;ruotsi;;;;;;
blad alternerande;vuorottainen;=;ruotsi;;;;;;
disticha blad;vuorottainen;=;ruotsi;;;;;;
yhdislehtinen;yhdislehtinen;;suomi;adjektiivi;yhdyssana;;-inen;;
fused;yhdislehtinen;=;englanti;;;;;;
sambladig;yhdislehtinen;=;ruotsi;;;;;;
yhdistynyt;yhdistynyt;;suomi;adjektiivi;yhdistämätön;;-nUt;;
united;yhdistynyt;=;englanti;;;;;;
sammanväxt;yhdistynyt;=;ruotsi;;;;;;
ylälehti;ylälehti;;suomi;substantiivi;yhdyssana;;;;
stoýblaý;ylälehti;=;islanti;;;;;;
háblaÙ;ylälehti;=;fääri;;;;;;
støtteblad;ylälehti;=;tanska;;;;;;
støtteblad;ylälehti;=;norja;;;;;;
upper leaf;ylälehti;=;englanti;;;;;;
bract;ylälehti;=;englanti;;;;;;
högblad;ylälehti;=;ruotsi;;;;;;
stödblad;ylälehti;=;ruotsi;;;;;;
äimämäinen;äimämäinen;;suomi;adjektiivi;yhdistämätön;;-mAinen;;
allaga;äimämäinen;=;islanti;;;;;;
sýlvaksin;äimämäinen;=;fääri;;;;;;
sylformet;äimämäinen;=;tanska;;;;;;
sylformet;äimämäinen;=;norja;;;;;;
subulate;äimämäinen;=;englanti;;;;;;
syllikt;äimämäinen;=;ruotsi;;;;;;
sylformig;äimämäinen;=;ruotsi;;;;;;
ruutu;ruutu;;suomi;substantiivi;yhdistämätön;2-tavuinen U-loppuinen;;;
areoli;ruutu;;suomi;substantiivi;yhdistämätön;4-tavuinen;;;
reitur;ruutu;=;islanti;;;;;;
meskur;ruutu;=;fääri;;;;;;
celle;ruutu;=;tanska;;;;;;
(net)maske;ruutu;=;tanska;;;;;;
areole;ruutu;=;tanska;;;;;;
rute;ruutu;=;norja;;;;;;
areole;ruutu;=;englanti;;;;;;
areola (pl. areolae);ruutu;=;englanti;;;;;;
areol;ruutu;=;ruotsi;;;;;;
ruutupintainen;ruutupintainen;;suomi;adjektiivi;yhdyssana;;-inen;;
ruutuinen;ruutupintainen;;suomi;adjektiivi;yhdistämätön;;-inen;;
reitaður;ruutupintainen;=;islanti;;;;;;
reitskiptur;ruutupintainen;=;islanti;;;;;;
við meskum;ruutupintainen;=;fääri;;;;;;
areolat;ruutupintainen;=;tanska;;;;;;
rutemønstret;ruutupintainen;=;norja;;;;;;
areolat;ruutupintainen;=;norja;;;;;;
areolate;ruutupintainen;=;englanti;;;;;;
rutmönstrad;ruutupintainen;=;ruotsi;;;;;;
suippotyvinen;suippotyvinen;;suomi;adjektiivi;yhdyssana;;-inen;;
kapenevatyvinen;suippotyvinen;;suomi;adjektiivi;yhdyssana;;-inen;;
1 jafnt mjókkandi;suippotyvinen;=;islanti;;;;;;
2 stutt- niýurmjór;suippotyvinen;=;islanti;;;;;;
ið smalkar javnt;suippotyvinen;=;fääri;;;;;;
1 afsmalnet;suippotyvinen;=;tanska;;;;;;
2 kort afsmalnende;suippotyvinen;=;tanska;;;;;;
1 avsmalnende;suippotyvinen;=;norja;;;;;;
2 kort avsmalnende;suippotyvinen;=;norja;;;;;;
attenuate;suippotyvinen;=;englanti;;;;;;
shortly attenuate;suippotyvinen;>;englanti;;;;;;
1 avsmalnande;suippotyvinen;=;ruotsi;;;;;;
långsamt avsmalnande;suippotyvinen;=;ruotsi;;;;;;
2 snabbt avsmalnande;suippotyvinen;=;ruotsi;;;;;;
lehtikorvake;lehtikorvake;;suomi;substantiivi;yhdyssana;;;;
blaðeyra;lehtikorvake;=;islanti;;;;;;
blaðoyra;lehtikorvake;=;fääri;;;;;;
bladøre;lehtikorvake;=;tanska;;;;;;
bladøre;lehtikorvake;=;norja;;;;;;
auricle;lehtikorvake;=;englanti;;;;;;
bladöra;lehtikorvake;=;ruotsi;;;;;;
lehtikorvakkeellinen;lehtikorvakkeellinen;;suomi;adjektiivi;yhdyssana;;-llinen;;
með blaðeyru;lehtikorvakkeellinen;=;islanti;;;;;;
við blaðoyrum;lehtikorvakkeellinen;=;fääri;;;;;;
med bladører;lehtikorvakkeellinen;=;tanska;;;;;;
med bladører;lehtikorvakkeellinen;=;norja;;;;;;
auriculate;lehtikorvakkeellinen;=;englanti;;;;;;
försedd med bladöron;lehtikorvakkeellinen;=;ruotsi;;;;;;
hanka;hanka;;suomi;substantiivi;yhdistämätön;2-tavuinen A-loppuinen;;;
lehtihanka;hanka;;suomi;substantiivi;yhdyssana;;;;
blaðöxl;hanka;=;islanti;;;;;;
grip;hanka;=;fääri;;;;;;
blaðgripur;hanka;=;fääri;;;;;;
bladhjørne;hanka;=;tanska;;;;;;
bladhjørne;hanka;=;norja;;;;;;
lehden hanka;hanka;;suomi;substantiivi;sanaliitto;;;;
axil;hanka;=;englanti;;;;;;
leaf axil;hanka;=;englanti;;;;;;
veck;hanka;=;ruotsi;;;;;;
bladveck;hanka;=;ruotsi;;;;;;
kaksiliuskainen;kaksiliuskainen;;suomi;adjektiivi;yhdyssana;;-inen;;
tvíklofinn;kaksiliuskainen;=;islanti;;;;;;
tvíklovin;kaksiliuskainen;=;fääri;;;;;;
kløvet;kaksiliuskainen;=;tanska;;;;;;
tokløvd;kaksiliuskainen;=;norja;;;;;;
bifid;kaksiliuskainen;=;englanti;;;;;;
tvåkluven;kaksiliuskainen;=;ruotsi;;;;;;
toistamiseen parilehdykkäinen;toistamiseen parilehdykkäinen;;suomi;adjektiivi;sanaliitto;;-kkAinen;;
toisparinen;toistamiseen parilehdykkäinen;;suomi;adjektiivi;yhdyssana;;-inen;vanhentunut;
tvífjaðraður;toistamiseen parilehdykkäinen;=;islanti;;;;;;
tvífinnutur;toistamiseen parilehdykkäinen;=;fääri;;;;;;
dobbelt finnet;toistamiseen parilehdykkäinen;=;tanska;;;;;;
dobbeltfinnet;toistamiseen parilehdykkäinen;=;norja;;;;;;
kaksi kertaa parilehdykkäinen;toistamiseen parilehdykkäinen;;suomi;adjektiivi;sanaliitto;;;;
bipinnate;toistamiseen parilehdykkäinen;=;englanti;;;;;;
dubbelt parbladig;toistamiseen parilehdykkäinen;=;ruotsi;;;;;;
toistamiseen kolmisorminen;toistamiseen kolmisorminen;;suomi;adjektiivi;sanaliitto;;-inen;;
tvíþrífingraður;toistamiseen kolmisorminen;=;islanti;;;;;;
dupult trífingrutur;toistamiseen kolmisorminen;=;fääri;;;;;;
dobbelt tredelt;toistamiseen kolmisorminen;=;tanska;;;;;;
dobbelt tredelt/trekoplet;toistamiseen kolmisorminen;=;norja;;;;;;
biternate;toistamiseen kolmisorminen;=;englanti;;;;;;
dubbelt tredelad;toistamiseen kolmisorminen;=;ruotsi;;;;;;
esilehti;esilehti;;suomi;substantiivi;yhdyssana;;;;
forblað;esilehti;=;islanti;;;;;;
forblað;esilehti;=;fääri;;;;;;
forblad;esilehti;=;tanska;;;;;;
forblad;esilehti;=;norja;;;;;;
bracteole;esilehti;=;englanti;;;;;;
primary leaf;esilehti;=;englanti;;;;;;
förblad;esilehti;=;ruotsi;;;;;;
varuslehti;varuslehti;;suomi;substantiivi;yhdyssana;;;;
háblað;varuslehti;=;islanti;;;;;;
smáreivblað;varuslehti;=;fääri;;;;;;
småsvøbblad;varuslehti;=;tanska;;;;;;
småsvøpblad;varuslehti;=;norja;;;;;;
bractlet;varuslehti;=;englanti;;;;;;
svepeblad (i enskilt svepe);varuslehti;=;ruotsi;;;;;;
hapsiliuskainen;hapsiliuskainen;;suomi;adjektiivi;yhdyssana;;-inen;;
hárfínn;hapsiliuskainen;=;islanti;;;;;;
hárfínur;hapsiliuskainen;=;fääri;;;;;;
hårfin;hapsiliuskainen;=;tanska;;;;;;
hårtynn;hapsiliuskainen;=;norja;;;;;;
hårfin;hapsiliuskainen;=;norja;;;;;;
capillary;hapsiliuskainen;=;englanti;;;;;;
hårfin;hapsiliuskainen;=;ruotsi;;;;;;
kärhellinen;kärhellinen;;suomi;adjektiivi;yhdistämätön;;-llinen;;
endar í bugðóttum eða gormlaga þræði;kärhellinen;=;islanti;;;;;;
við klivtráði sum endar í bukt ella snyrli;kärhellinen;=;fääri;;;;;;
med slyngtråd;kärhellinen;=;tanska;;;;;;
med slyngtråd;kärhellinen;=;norja;;;;;;
cirrhose;kärhellinen;=;englanti;;;;;;
med klänge;kärhellinen;=;ruotsi;;;;;;
herttamainen;herttamainen;;suomi;adjektiivi;yhdistämätön;;-mAinen;;
hjartalaga;herttamainen;=;islanti;;;;;;
hjartavaksin;herttamainen;=;fääri;;;;;;
hjerteformet;herttamainen;=;tanska;;;;;;
hjerteformet;herttamainen;=;norja;;;;;;
cordate;herttamainen;=;englanti;;;;;;
hjärtlik;herttamainen;=;ruotsi;;;;;;
lisäteriö;lisäteriö;;suomi;substantiivi;yhdyssana;;;;
hjákróna;lisäteriö;=;islanti;;;;;;
hjákrúna;lisäteriö;=;fääri;;;;;;
bikrone;lisäteriö;=;tanska;;;;;;
korona;lisäteriö;=;norja;;;;;;
bikrone;lisäteriö;=;norja;;;;;;
corona (pl. coronae; coronas);lisäteriö;=;englanti;;;;;;
bikrona;lisäteriö;=;ruotsi;;;;;;
hjákrónuflipar;;=;islanti;;;;;;
hjákrúnuflippur;;=;fääri;;;;;;
bikroneflige;;=;tanska;;;;;;
bikronefliker;;=;norja;;;;;;
coronal scales;;=;englanti;;;;;;
bikronflikar;;=;ruotsi;;;;;;
costa (pl. costae);;=;englanti;;;;;;
costule;;=;englanti;;;;;;
piispansauva;piispansauva;;suomi;substantiivi;yhdyssana;;;;
bagall;piispansauva;=;islanti;;;;;;
biskupsstavur;piispansauva;=;fääri;;;;;;
bispestav;piispansauva;=;tanska;;;;;;
bispestav;piispansauva;=;norja;;;;;;
crozier;piispansauva;=;englanti;;;;;;
kräkla;piispansauva;=;ruotsi;;;;;;
huppumainen;huppumainen;;suomi;adjektiivi;yhdistämätön;;-mAinen;;
hattlaga;huppumainen;=;islanti;;;;;;
hettulaga;huppumainen;=;islanti;;;;;;
hattvaksin;huppumainen;=;fääri;;;;;;
hettuvaksin;huppumainen;=;fääri;;;;;;
hætteformet;huppumainen;=;tanska;;;;;;
med hetteform;huppumainen;=;norja;;;;;;
hetteformet,hjelmformet;huppumainen;=;norja;;;;;;
cucullate;huppumainen;=;englanti;;;;;;
hooded;huppumainen;=;englanti;;;;;;
huvlik;huppumainen;=;ruotsi;;;;;;
tasakylkisen kolmiomainen;tasakylkisen kolmiomainen;;suomi;adjektiivi;sanaliitto;;-mAinen;;
jafnhliða þríhyrningslaga;tasakylkisen kolmiomainen;=;islanti;;;;;;
javnsíðutríhyrntur;tasakylkisen kolmiomainen;=;fääri;;;;;;
deltaformet;tasakylkisen kolmiomainen;=;tanska;;;;;;
likesidig trekantet;tasakylkisen kolmiomainen;=;norja;;;;;;
deltate;tasakylkisen kolmiomainen;=;englanti;;;;;;
liksidigt triangulär;tasakylkisen kolmiomainen;=;ruotsi;;;;;;
hienohampainen;hienohampainen;;suomi;adjektiivi;yhdyssana;;-inen;;
pikkuhampainen;hienohampainen;;suomi;adjektiivi;yhdyssana;;-inen;;
smátenntur;hienohampainen;=;islanti;;;;;;
smátentur;hienohampainen;=;fääri;;;;;;
fint tandet;hienohampainen;=;tanska;;;;;;
fint tannet;hienohampainen;=;norja;;;;;;
småtannet;hienohampainen;=;norja;;;;;;
denticulate;hienohampainen;=;englanti;;;;;;
fintandad;hienohampainen;=;ruotsi;;;;;;
fint tandad;hienohampainen;=;ruotsi;;;;;;
uposlehtinen;uposlehtinen;;suomi;adjektiivi;yhdyssana;;-inen;;kreik. helodes = soinen, rämeinen
elodeidi;uposlehtinen;;suomi;substantiivi;yhdistämätön;4-tavuinen;;;
rótföst flækjuplanta;uposlehtinen;=;islanti;;;;;;
rótlausar flækjuplöntur;uposlehtinen;=;islanti;;;;;;
rótføst vatnplanta;uposlehtinen;=;fääri;;;;;;
 rótleys vatnplanta;uposlehtinen;=;fääri;;;;;;
langskudsplante;uposlehtinen;=;tanska;;;;;;
langskuddplante;uposlehtinen;=;norja;;;;;;
uposlehtiset;uposlehtinen;;suomi;substantiivi;yhdyssana;monikko;;;
elodeid;uposlehtinen;=;englanti;;;;;;
långskottsväxt;uposlehtinen;=;ruotsi;;;;;;
matalasti risalaitainen;matalasti risalaitainen;;suomi;adjektiivi;sanaliitto;;-inen;;
tirjóttur;matalasti risalaitainen;=;islanti;;;;;;
slitin;matalasti risalaitainen;=;fääri;;;;;;
tærdur;matalasti risalaitainen;=;fääri;;;;;;
trevsutur;matalasti risalaitainen;=;fääri;;;;;;
uregelmæsigt tandet-takket;matalasti risalaitainen;=;tanska;;;;;;
småfrynset;matalasti risalaitainen;=;norja;;;;;;
erose;matalasti risalaitainen;=;englanti;;;;;;
sargad;matalasti risalaitainen;=;ruotsi;;;;;;
korvakkeeton;korvakkeeton;;suomi;adjektiivi;yhdistämätön;;-tOn;;
axlablaðalaus;korvakkeeton;=;islanti;;;;;;
við ongum akslarbløðum;korvakkeeton;=;fääri;;;;;;
uden fodflige/akselblade;korvakkeeton;=;tanska;;;;;;
uten stipler/øreblad;korvakkeeton;=;norja;;;;;;
exstipulate;korvakkeeton;=;englanti;;;;;;
utan stipler;korvakkeeton;=;ruotsi;;;;;;
stipellös;korvakkeeton;=;ruotsi;;;;;;
sirppimäinen;sirppimäinen;;suomi;adjektiivi;yhdistämätön;;-mAinen;;
sigðlaga;sirppimäinen;=;islanti;;;;;;
sigdvaksin;sirppimäinen;=;fääri;;;;;;
seglformet;sirppimäinen;=;tanska;;;;;;
sigdformet;sirppimäinen;=;norja;;;;;;
falcate;sirppimäinen;=;englanti;;;;;;
skärformig;sirppimäinen;=;ruotsi;;;;;;
lehtimäinen;lehtimäinen;;suomi;adjektiivi;yhdistämätön;;-mAinen;;
blaðlaga;lehtimäinen;=;islanti;;;;;;
blaðkendur;lehtimäinen;=;fääri;;;;;;
bladlignende;lehtimäinen;=;tanska;;;;;;
bladformet;lehtimäinen;=;norja;;;;;;
foliaceous;lehtimäinen;=;englanti;;;;;;
bladlik;lehtimäinen;=;ruotsi;;;;;;
frond;;=;englanti;;;;;;
emiöperä;emiöperä;;suomi;substantiivi;yhdyssana;;;;
gynofori;emiöperä;;suomi;substantiivi;yhdyssana;;;;
stílsúla;emiöperä;=;islanti;;;;;;
teinasúla;emiöperä;=;fääri;;;;;;
gynofor;emiöperä;=;tanska;;;;;;
gynofor;emiöperä;=;norja;;;;;;
emipieli;emiöperä;;suomi;substantiivi;yhdyssana;;;vanhentunut;
gynophore;emiöperä;=;englanti;;;;;;
gynofor;emiöperä;=;ruotsi;;;;;;
erilaislehtinen;erilaislehtinen;;suomi;adjektiivi;yhdyssana;;-inen;;
misblöðóttur;erilaislehtinen;=;islanti;;;;;;
ymisblaðaður;erilaislehtinen;=;fääri;;;;;;
heterofyli;erilaislehtinen;=;tanska;;;;;;
heterofyl;erilaislehtinen;=;tanska;;;;;;
med heterofylli;erilaislehtinen;=;norja;;;;;;
heterophyllous;erilaislehtinen;=;englanti;;;;;;
med heterofylli;erilaislehtinen;=;ruotsi;;;;;;
limittäinen;limittäinen;;suomi;adjektiivi;yhdistämätön;;-ttAinen;;
skaraður;limittäinen;=;islanti;;;;;;
umskaraður;limittäinen;=;fääri;;;;;;
taglagt;limittäinen;=;tanska;;;;;;
taklagt;limittäinen;=;norja;;;;;;
imbricate;limittäinen;=;englanti;;;;;;
tegellagd;limittäinen;=;ruotsi;;;;;;
taktegellagd;limittäinen;=;ruotsi;;;;;;
överlappande;limittäinen;=;ruotsi;;;;;;
välilehdykkäinen;välilehdykkäinen;;suomi;adjektiivi;yhdyssana;;-kkAinen;;
eriparinen;välilehdykkäinen;;suomi;adjektiivi;yhdyssana;;-inen;vanhentunut;
bilbleðlóttur;välilehdykkäinen;=;islanti;;;;;;
millumpartafinnutur;välilehdykkäinen;=;fääri;;;;;;
mellembrudt fjersnitdelt;välilehdykkäinen;=;tanska;;;;;;
mellombrutt finnet;välilehdykkäinen;=;norja;;;;;;
interruptedly pinnate;välilehdykkäinen;=;englanti;;;;;;
olikformigt parbladig;välilehdykkäinen;=;ruotsi;;;;;;
suojuslehtikiehkura;suojuslehtikiehkura;;suomi;substantiivi;yhdyssana;;;;
kukintolehtikiehkura;suojuslehtikiehkura;;suomi;substantiivi;yhdyssana;;;;
reifar;suojuslehtikiehkura;=;islanti;;;;;;
stórreifar;suojuslehtikiehkura;=;islanti;;;;;;
kollreifar;suojuslehtikiehkura;=;islanti;;;;;;
reiv;suojuslehtikiehkura;=;fääri;;;;;;
stórreiv;suojuslehtikiehkura;=;fääri;;;;;;
hylster;suojuslehtikiehkura;=;tanska;;;;;;
svøb;suojuslehtikiehkura;=;tanska;;;;;;
svøp;suojuslehtikiehkura;=;norja;;;;;;
korgdekke;suojuslehtikiehkura;=;norja;;;;;;
involucre;suojuslehtikiehkura;<;englanti;;;;;;
svepe;suojuslehtikiehkura;=;ruotsi;;;;;;
säännöttömästi liuskainen;säännöttömästi liuskainen;;suomi;adjektiivi;sanaliitto;;-inen;;
repaleinen;säännöttömästi liuskainen;;suomi;adjektiivi;yhdistämätön;;-inen;;
óreglulega flipóttur;säännöttömästi liuskainen;=;islanti;;;;;;
óregluliga finnutur;säännöttömästi liuskainen;=;fääri;;;;;;
uregelmæssigt indskåret;säännöttömästi liuskainen;=;tanska;;;;;;
oppfliset;säännöttömästi liuskainen;=;norja;;;;;;
lacerate;säännöttömästi liuskainen;=;englanti;;;;;;
oregelbundet flikig;säännöttömästi liuskainen;=;ruotsi;;;;;;
kapealiuskainen;kapealiuskainen;;suomi;adjektiivi;yhdyssana;;-inen;;
oddflipóttur;kapealiuskainen;=;islanti;;;;;;
oddflipputur;kapealiuskainen;=;fääri;;;;;;
smalfliget;kapealiuskainen;=;tanska;;;;;;
smalfliket;kapealiuskainen;=;norja;;;;;;
laciniate;kapealiuskainen;=;englanti;;;;;;
uppflikad;kapealiuskainen;=;ruotsi;;;;;;
kieleke;kieleke;;suomi;substantiivi;yhdistämätön;;-ke;;
slíðurhimna;kieleke;=;islanti;;;;;;
slíðrahinna;kieleke;=;fääri;;;;;;
skedehinde;kieleke;=;tanska;;;;;;
ligula;kieleke;=;tanska;;;;;;
slirehinne;kieleke;=;norja;;;;;;
ligule;kieleke;=;englanti;;;;;;
snärp;kieleke;=;ruotsi;;;;;;
ligula;kieleke;=;ruotsi;;;;;;
kauna;kauna;;suomi;substantiivi;yhdistämätön;2-tavuinen A-loppuinen;;;
nærögn;kauna;=;islanti;;;;;;
nærøgn;kauna;=;fääri;;;;;;
svulmeskæl;kauna;=;tanska;;;;;;
lodicule (pl. lodiculae; lodicules);kauna;=;englanti;;;;;;
kalkfjäll;kauna;=;ruotsi;;;;;;
lyyramainen;lyyramainen;;suomi;adjektiivi;yhdistämätön;;-mAinen;;
lýrulaga;lyyramainen;=;islanti;;;;;;
lýruvaksin;lyyramainen;=;fääri;;;;;;
lyreformet;lyyramainen;=;tanska;;;;;;
lyreformet;lyyramainen;=;norja;;;;;;
lyrate;lyyramainen;=;englanti;;;;;;
lyrformad;lyyramainen;=;ruotsi;;;;;;
kuihtuva;kuihtuva;;suomi;adjektiivi;yhdistämätön;;-vA;;
gjensittende;kuihtuva;=;norja;;;;;;
marcescent;kuihtuva;=;englanti;;;;;;
förvissnande;kuihtuva;=;ruotsi;;;;;;
venemäinen;venemäinen;;suomi;adjektiivi;yhdistämätön;;-mAinen;;
bátslaga;venemäinen;=;islanti;;;;;;
bátvaksin;venemäinen;=;fääri;;;;;;
bådformet;venemäinen;=;tanska;;;;;;
båtformet;venemäinen;=;norja;;;;;;
navicular;venemäinen;=;englanti;;;;;;
cymbiform;venemäinen;=;englanti;;;;;;
båtformig;venemäinen;=;ruotsi;;;;;;
kelluslehtinen;kelluslehtinen;;suomi;adjektiivi;yhdyssana;;-inen;;kreik. nymfe = morsian, neito, nymfi
nymfeidi;kelluslehtinen;;suomi;substantiivi;yhdistämätön;3-tavuinen;;;
flotblöðungur;kelluslehtinen;=;islanti;;;;;;
flotblaðaplanta;kelluslehtinen;=;islanti;;;;;;
flotblaðaður;kelluslehtinen;=;fääri;;;;;;
flotblaðaplanta;kelluslehtinen;=;fääri;;;;;;
flydebladplante;kelluslehtinen;=;tanska;;;;;;
flytebladplante;kelluslehtinen;=;norja;;;;;;
kellulehtinen;kelluslehtinen;;suomi;adjektiivi;yhdyssana;;-inen;;
nymphaeid;kelluslehtinen;=;englanti;;;;;;
nympheid;kelluslehtinen;=;englanti;;;;;;
flytbladsväxt;kelluslehtinen;=;ruotsi;;;;;;
käpysuomu;käpysuomu;;suomi;substantiivi;yhdyssana;;;;
1 fræblað;käpysuomu;>;islanti;;;;;;
fræhreistur;käpysuomu;=;islanti;;;;;;
2 hreisturblað;käpysuomu;>;islanti;;;;;;
1 fræblað 2 kongulsflus;käpysuomu;>>;fääri;;;;;;
1 frøskæl 2 kogleskæl;käpysuomu;>>;tanska;;;;;;
kongleskjell;käpysuomu;=;norja;;;;;;
ovuliferous scale;käpysuomu;>;englanti;;;;;;
cone scale;käpysuomu;>;englanti;;;;;;
1 fröfjäll 2 kottefjäll;käpysuomu;>>;ruotsi;;;;;;
sormijakoinen;sormijakoinen;;suomi;adjektiivi;yhdyssana;;-inen;;
handskipt;sormijakoinen;=;islanti;;;;;;
handskerdur;sormijakoinen;=;fääri;;;;;;
hånddelt;sormijakoinen;=;tanska;;;;;;
handdelt;sormijakoinen;=;norja;;;;;;
palmatisect;sormijakoinen;=;englanti;;;;;;
handdelad;sormijakoinen;=;ruotsi;;;;;;
viulunmuotoinen;viulunmuotoinen;;suomi;adjektiivi;yhdyssana;;-inen;;
fiðlulaga;viulunmuotoinen;=;islanti;;;;;;
fiólvaksin;viulunmuotoinen;=;fääri;;;;;;
violinformet;viulunmuotoinen;=;tanska;;;;;;
fiolinformet;viulunmuotoinen;=;norja;;;;;;
panduriform;viulunmuotoinen;=;englanti;;;;;;
fiollik;viulunmuotoinen;=;ruotsi;;;;;;
jalkamainen;jalkamainen;;suomi;adjektiivi;yhdistämätön;;-mAinen;;
pedaattinen;jalkamainen;;suomi;adjektiivi;yhdistämätön;;-ttinen;;
handflipóttur með skerta hliðarflipa;jalkamainen;=;islanti;;;;;;
handflipóttur og breiýastur neýst;jalkamainen;=;islanti;;;;;;
fót-;jalkamainen;=;fääri;;;;;;
foddannet;jalkamainen;=;tanska;;;;;;
fod-;jalkamainen;=;tanska;;;;;;
-;jalkamainen;=;norja;;;;;;
pedate;jalkamainen;=;englanti;;;;;;
fotflikig;jalkamainen;=;ruotsi;;;;;;
viisiosainen;viisiosainen;;suomi;adjektiivi;yhdyssana;;-inen;;
fimmdeildur;viisiosainen;=;islanti;;;;;;
fimmdeildur;viisiosainen;=;fääri;;;;;;
femtallig;viisiosainen;=;tanska;;;;;;
femtalig;viisiosainen;=;norja;;;;;;
pentamerous;viisiosainen;=;englanti;;;;;;
femtalig;viisiosainen;=;ruotsi;;;;;;
kehäliuska;kehäliuska;;suomi;substantiivi;yhdyssana;;;;
blómhlífarblað;kehäliuska;=;islanti;;;;;;
blómureivsblað;kehäliuska;=;fääri;;;;;;
blosterblade;kehäliuska;=;tanska;;;;;;
blomsterblad;kehäliuska;=;norja;;;;;;
perianth segment;kehäliuska;=;englanti;;;;;;
hylleblad;kehäliuska;<;ruotsi;;;;;;
kalkblad;kehäliuska;<;ruotsi;;;;;;
jaksottaisesti sahalaitainen;jaksottaisesti sahalaitainen;;suomi;adjektiivi;sanaliitto;;-inen;;
óreglulega sagtenntur;jaksottaisesti sahalaitainen;=;islanti;;;;;;
sagtenntur með jöfnu millibili;jaksottaisesti sahalaitainen;=;islanti;;;;;;
óregluliga sagtentur;jaksottaisesti sahalaitainen;=;fääri;;;;;;
sagtentur við jøvnum millumrúmi;jaksottaisesti sahalaitainen;=;fääri;;;;;;
periodisk savtakket;jaksottaisesti sahalaitainen;=;tanska;;;;;;
periodisk sagtannet;jaksottaisesti sahalaitainen;=;norja;;;;;;
periodically serrate;jaksottaisesti sahalaitainen;=;englanti;;;;;;
periodiskt sågad;jaksottaisesti sahalaitainen;=;ruotsi;;;;;;
terälehtimäinen;terälehtimäinen;;suomi;adjektiivi;yhdyssana;;-mAinen;;
terämäinen;terälehtimäinen;;suomi;adjektiivi;yhdistämätön;;-mAinen;;
krónublaðkenndur;terälehtimäinen;=;islanti;;;;;;
krúnublaðkendur;terälehtimäinen;=;fääri;;;;;;
kronbladlignende;terälehtimäinen;=;tanska;;;;;;
kronbladliknende;terälehtimäinen;=;norja;;;;;;
petaloid;terälehtimäinen;=;englanti;;;;;;
kronbladslik;terälehtimäinen;=;ruotsi;;;;;;
ruodillinen;ruodillinen;;suomi;adjektiivi;yhdistämätön;;-llinen;;
1 stilkaður 2 með smáblaðstilk;ruodillinen;>>;islanti;;;;;;
1 stelkaður 2 við smáblaðstelki;ruodillinen;>>;fääri;;;;;;
stilket;ruodillinen;=;tanska;;;;;;
skaftet;ruodillinen;=;norja;;;;;;
petiolate;ruodillinen;>;englanti;;;;;;
petiolulate;ruodillinen;>;englanti;;;;;;
skaftad;ruodillinen;=;ruotsi;;;;;;
smáblaðstilkur;;=;islanti;;;;;;
smáblaðstelkur;;=;fääri;;;;;;
småbladstilk;;=;tanska;;;;;;
småbladstilk;;=;norja;;;;;;
småbladskaft;;=;norja;;;;;;
petiolule;;=;englanti;;;;;;
småbladsskaft;;=;ruotsi;;;;;;
lehdykkäinen;lehdykkäinen;;suomi;adjektiivi;yhdistämätön;;-inen;;
fjaðraður;lehdykkäinen;=;islanti;;;;;;
finnutur;lehdykkäinen;=;fääri;;;;;;
finnet;lehdykkäinen;=;tanska;;;;;;
finnet;lehdykkäinen;=;norja;;;;;;
pinnate;lehdykkäinen;>;englanti;;;;;;
parbladig;lehdykkäinen;>;ruotsi;;;;;;
pikkulehdykkä;pikkulehdykkä;;suomi;substantiivi;yhdyssana;;;;
smábleðill;pikkulehdykkä;=;islanti;;;;;;
småblað;pikkulehdykkä;=;islanti;;;;;;
smáfinna;pikkulehdykkä;=;fääri;;;;;;
småblað;pikkulehdykkä;=;fääri;;;;;;
småblad af højere orden;pikkulehdykkä;=;tanska;;;;;;
småblad;pikkulehdykkä;=;tanska;;;;;;
småfinne;pikkulehdykkä;=;norja;;;;;;
småblad;pikkulehdykkä;=;norja;;;;;;
pinnule;pikkulehdykkä;=;englanti;;;;;;
leaflet;pikkulehdykkä;=;englanti;;;;;;
småblad av högre ordning;pikkulehdykkä;=;ruotsi;;;;;;
småblad;pikkulehdykkä;=;ruotsi;;;;;;
epätasaisen typäkkä;epätasaisen typäkkä;;suomi;adjektiivi;sanaliitto;;-kkA;;
poikkipäinen;epätasaisen typäkkä;;suomi;adjektiivi;yhdyssana;;-inen;;
þverskorinn;epätasaisen typäkkä;=;islanti;;;;;;
tvørskorin;epätasaisen typäkkä;=;fääri;;;;;;
avskotin;epätasaisen typäkkä;=;fääri;;;;;;
afbidt;epätasaisen typäkkä;=;tanska;;;;;;
avskåren;epätasaisen typäkkä;=;norja;;;;;;
premorse;epätasaisen typäkkä;=;englanti;;;;;;
avhuggen;epätasaisen typäkkä;=;ruotsi;;;;;;
avbiten;epätasaisen typäkkä;=;ruotsi;;;;;;
pullistuma;pullistuma;;suomi;substantiivi;yhdistämätön;4-tavuinen;;;
hnúður við grunn blaðstilks;pullistuma;=;islanti;;;;;;
knykil við blaðfót;pullistuma;=;fääri;;;;;;
pladpude;pullistuma;=;tanska;;;;;;
pladpude;pullistuma;=;norja;;;;;;
pladfeste;pullistuma;=;norja;;;;;;
pulvinus pulvinus;pullistuma;=;englanti;;;;;;
bladkudde;pullistuma;=;ruotsi;;;;;;
pohjussuomu;pohjussuomu;;suomi;substantiivi;yhdyssana;;;;
blómstæðisagnir;pohjussuomu;=;islanti;;;;;;
øgn;pohjussuomu;=;fääri;;;;;;
avne;pohjussuomu;=;tanska;;;;;;
agn;pohjussuomu;=;norja;;;;;;
støtteblad;pohjussuomu;=;norja;;;;;;
receptacular scale;pohjussuomu;=;englanti;;;;;;
korgbottenfjäll;pohjussuomu;=;ruotsi;;;;;;
matalaan mutkalaitainen;matalaan mutkalaitainen;;suomi;adjektiivi;sanaliitto;;-inen;;
smábugðóttur;matalaan mutkalaitainen;=;islanti;;;;;;
smábuktutur;matalaan mutkalaitainen;=;fääri;;;;;;
svagt bugtet;matalaan mutkalaitainen;=;tanska;;;;;;
grunt buktete;matalaan mutkalaitainen;=;norja;;;;;;
repand;matalaan mutkalaitainen;=;englanti;;;;;;
grunt buktig;matalaan mutkalaitainen;=;ruotsi;;;;;;
taapäin liuskainen;taapäin liuskainen;;suomi;adjektiivi;sanaliitto;;-inen;;
taapäin hampainen-liuskainen;taapäin liuskainen;;suomi;;;;;;
klósigflipóttur;taapäin liuskainen;=;islanti;;;;;;
klóskerdur;taapäin liuskainen;=;fääri;;;;;;
høvlformet;taapäin liuskainen;=;tanska;;;;;;
høvelformet;taapäin liuskainen;=;norja;;;;;;
runcinate;taapäin liuskainen;=;englanti;;;;;;
klotandad;taapäin liuskainen;=;ruotsi;;;;;;
verholehtimäinen;verholehtimäinen;;suomi;adjektiivi;yhdyssana;;-mAinen;;
bikarblaðkenndur;verholehtimäinen;=;islanti;;;;;;
bikarblaðkendur;verholehtimäinen;=;fääri;;;;;;
bægerbladlignende;verholehtimäinen;=;tanska;;;;;;
begerbladliknende;verholehtimäinen;=;norja;;;;;;
sepaloid;verholehtimäinen;=;englanti;;;;;;
foderbladslik;verholehtimäinen;=;ruotsi;;;;;;
hienosahainen;hienosahainen;;suomi;adjektiivi;yhdyssana;;-inen;;
fínsagtenntur;hienosahainen;=;islanti;;;;;;
fínsagtentur;hienosahainen;=;fääri;;;;;;
fint savtakket;hienosahainen;=;tanska;;;;;;
fint sagtannet;hienosahainen;=;norja;;;;;;
serrulate;hienosahainen;=;englanti;;;;;;
finsågad;hienosahainen;=;ruotsi;;;;;;
verso;verso;;suomi;substantiivi;yhdistämätön;;;;
sproti;verso;=;islanti;;;;;;
spíri;verso;=;fääri;;;;;;
nál;verso;=;fääri;;;;;;
skud;verso;=;tanska;;;;;;
skudd;verso;=;norja;;;;;;
shoot;verso;=;englanti;;;;;;
skott;verso;=;ruotsi;;;;;;
mutkalaitainen;mutkalaitainen;;suomi;adjektiivi;yhdyssana;;-inen;;
bugðóttur;mutkalaitainen;=;islanti;;;;;;
skørðutur;mutkalaitainen;=;fääri;;;;;;
bugtet;mutkalaitainen;=;tanska;;;;;;
buktet;mutkalaitainen;=;norja;;;;;;
sinuate;mutkalaitainen;=;englanti;;;;;;
buktig;mutkalaitainen;=;ruotsi;;;;;;
vågig;mutkalaitainen;=;ruotsi;;;;;;
lovi;lovi;;suomi;substantiivi;yhdistämätön;2-tavuinen i-loppuinen;;;
skerðing;lovi;=;islanti;;;;;;
vik;lovi;=;islanti;;;;;;
innvik;lovi;=;fääri;;;;;;
indbugtning;lovi;=;tanska;;;;;;
innbuktning;lovi;=;norja;;;;;;
sinus;lovi;=;englanti;;;;;;
inbuktning;lovi;=;ruotsi;;;;;;
puikelon suojuslehti;puikelon suojuslehti;;suomi;substantiivi;sanaliitto;;;;
spatha;puikelon suojuslehti;;suomi;substantiivi;yhdistämätön;2-tavuinen A-loppuinen;;;
hulsturblað;puikelon suojuslehti;=;islanti;;;;;;
hylkisblað;puikelon suojuslehti;=;fääri;;;;;;
hylsterblad;puikelon suojuslehti;=;tanska;;;;;;
hylsterblad;puikelon suojuslehti;=;norja;;;;;;
spathe;puikelon suojuslehti;=;englanti;;;;;;
hölsterblad;puikelon suojuslehti;=;ruotsi;;;;;;
piikki;piikki;;suomi;substantiivi;yhdistämätön;2-tavuinen i-loppuinen;;;
(blað)þyrnir;piikki;=;islanti;;;;;;
(blað)tornur;piikki;=;fääri;;;;;;
(blad)torn;piikki;=;tanska;;;;;;
torn;piikki;=;norja;;;;;;
spine;piikki;=;englanti;;;;;;
thorn;piikki;=;englanti;;;;;;
bladtorn;piikki;=;ruotsi;;;;;;
tagg;piikki;=;ruotsi;;;;;;
torn;piikki;=;ruotsi;;;;;;
itiölehti;itiölehti;;suomi;substantiivi;yhdyssana;;;;
sporofylli;itiölehti;;suomi;substantiivi;yhdyssana;;;;
gróblað;itiölehti;=;islanti;;;;;;
gróblað;itiölehti;=;fääri;;;;;;
sporofyl;itiölehti;=;tanska;;;;;;
sporofyll;itiölehti;=;norja;;;;;;
itiöpesäkelehti;itiölehti;;suomi;substantiivi;yhdyssana;;;;
pesäkelehti;itiölehti;;suomi;substantiivi;yhdyssana;;;;
sporophyll;itiölehti;=;englanti;;;;;;
sporofyll;itiölehti;=;ruotsi;;;;;;
sporfjäll;itiölehti;=;ruotsi;;;;;;
lehdykän korvake;lehdykän korvake;;suomi;substantiivi;sanaliitto;;;;
aukaaxlablað;lehdykän korvake;=;islanti;;;;;;
eykaakslarblað;lehdykän korvake;=;fääri;;;;;;
fodflig;lehdykän korvake;=;tanska;;;;;;
akselblad;lehdykän korvake;=;tanska;;;;;;
stipel;lehdykän korvake;=;tanska;;;;;;
øreblad;lehdykän korvake;=;norja;;;;;;
stipel;lehdykän korvake;=;norja;;;;;;
stipel;lehdykän korvake;=;englanti;;;;;;
stipell;lehdykän korvake;=;ruotsi;;;;;;
korvakkeellinen;korvakkeellinen;;suomi;adjektiivi;yhdistämätön;;-llinen;;
með axlablöð;korvakkeellinen;=;islanti;;;;;;
við akslarbløðum;korvakkeellinen;=;fääri;;;;;;
med fodflige/akselblade;korvakkeellinen;=;tanska;;;;;;
med stipler/øreblad;korvakkeellinen;=;norja;;;;;;
stipulate;korvakkeellinen;=;englanti;;;;;;
stipelförsedd;korvakkeellinen;=;ruotsi;;;;;;
kolmisorminen;kolmisorminen;;suomi;adjektiivi;yhdyssana;;-inen;;
kolmesorminen;kolmisorminen;;suomi;adjektiivi;yhdyssana;;-inen;;
þrífingraður;kolmisorminen;=;islanti;;;;;;
trífringrutur;kolmisorminen;=;fääri;;;;;;
trekoblet;kolmisorminen;=;tanska;;;;;;
trefingret;kolmisorminen;=;tanska;;;;;;
trekoplet;kolmisorminen;=;norja;;;;;;
ternate;kolmisorminen;=;englanti;;;;;;
trifoliate;kolmisorminen;=;englanti;;;;;;
trefingrad;kolmisorminen;=;ruotsi;;;;;;
kolmiotainen;kolmiotainen;;suomi;adjektiivi;yhdyssana;;-inen;;
þrítenntur;kolmiotainen;=;islanti;;;;;;
trítentur;kolmiotainen;=;fääri;;;;;;
tretandet;kolmiotainen;=;tanska;;;;;;
tretannet;kolmiotainen;=;norja;;;;;;
tricuspidate;kolmiotainen;=;englanti;;;;;;
tretandad;kolmiotainen;=;ruotsi;;;;;;
kolmiliuskainen;kolmiliuskainen;;suomi;adjektiivi;yhdyssana;;-inen;;
þrískiptur;kolmiliuskainen;=;islanti;;;;;;
trídeildur;kolmiliuskainen;=;fääri;;;;;;
tríklovin;kolmiliuskainen;=;fääri;;;;;;
tredelt;kolmiliuskainen;=;tanska;;;;;;
trekløvd;kolmiliuskainen;=;norja;;;;;;
trifid;kolmiliuskainen;=;englanti;;;;;;
trekluven;kolmiliuskainen;=;ruotsi;;;;;;
kolmilehtinen;kolmilehtinen;;suomi;adjektiivi;yhdyssana;;-inen;;
þríblaða;kolmilehtinen;=;islanti;;;;;;
tríblaðaður;kolmilehtinen;=;fääri;;;;;;
trebladet;kolmilehtinen;=;tanska;;;;;;
trebladet;kolmilehtinen;=;norja;;;;;;
trifoliate;kolmilehtinen;=;englanti;;;;;;
trebladig;kolmilehtinen;=;ruotsi;;;;;;
kulmikkaanpuikea;kulmikkaanpuikea;;suomi;adjektiivi;yhdyssana;;-eA;;
múrskeiðarlaga;kulmikkaanpuikea;=;islanti;;;;;;
tríhyrntur;kulmikkaanpuikea;=;fääri;;;;;;
múrskeiðarvaksin;kulmikkaanpuikea;=;fääri;;;;;;
murskeformet;kulmikkaanpuikea;=;tanska;;;;;;
mursjeformet;kulmikkaanpuikea;=;norja;;;;;;
trullate;kulmikkaanpuikea;=;englanti;;;;;;
murslevsformig;kulmikkaanpuikea;=;ruotsi;;;;;;
typäkkä;typäkkä;;suomi;adjektiivi;yhdistämätön;;-kkA;;
þverstýfður;typäkkä;=;islanti;;;;;;
tvørskorin;typäkkä;=;fääri;;;;;;
afskåret;typäkkä;=;tanska;;;;;;
tverr;typäkkä;=;norja;;;;;;
truncate;typäkkä;=;englanti;;;;;;
tvär;typäkkä;=;ruotsi;;;;;;
erikokoislehtisyys;erikokoislehtisyys;;suomi;substantiivi;yhdyssana;;-UUs;;
anisophylly;erikokoislehtisyys;=;englanti;;;;;;
anisofylli;erikokoislehtisyys;=;ruotsi;;;;;;
erilaislehtisyys;erilaislehtisyys;;suomi;substantiivi;yhdyssana;;-UUs;;
heterofyllia;erilaislehtisyys;;suomi;substantiivi;yhdyssana;;;;
heterophylly;erilaislehtisyys;=;englanti;;;;;;
heterofylli;erilaislehtisyys;=;ruotsi;;;;;;
halkoinen;halkoinen;;suomi;adjektiivi;yhdistämätön;;-inen;;
kluven;halkoinen;=;ruotsi;;;;;;
kilpilehti;kilpilehti;;suomi;substantiivi;yhdyssana;;;;
sköldformigt blad;kilpilehti;=;ruotsi;;;;;;
kärhilehti;kärhilehti;;suomi;substantiivi;yhdyssana;;;;
tendril leaf;kärhilehti;=;englanti;;;;;;
bladklänge;kärhilehti;=;ruotsi;;;;;;
lehtiaihe;lehtiaihe;;suomi;substantiivi;yhdyssana;;;;
bladanlag;lehtiaihe;=;ruotsi;;;;;;
lehtikiehkura;lehtikiehkura;;suomi;substantiivi;yhdyssana;;;;
bladkrans;lehtikiehkura;=;ruotsi;;;;;;
lehtimehukasvi;lehtimehukasvi;;suomi;substantiivi;yhdyssana;;;;
lehtisukkulentti;lehtimehukasvi;;suomi;substantiivi;yhdyssana;;;;
mehilehtikasvi;lehtimehukasvi;;suomi;substantiivi;yhdyssana;;;;
mehulehtikasvi (vanh.);lehtimehukasvi;;suomi;substantiivi;yhdyssana;;;;
leaf succulent;lehtimehukasvi;=;englanti;;;;;;
bladsuckulent;lehtimehukasvi;=;ruotsi;;;;;;
lehtiseuraanto;lehtiseuraanto;;suomi;substantiivi;yhdyssana;;-ntO;;
leaf sequence;lehtiseuraanto;=;englanti;;;;;;
bladföljd;lehtiseuraanto;=;ruotsi;;;;;;
myöhäislehti;myöhäislehti;;suomi;substantiivi;yhdyssana;;;;
late leaf;myöhäislehti;=;englanti;;;;;;
sen mellanblad;myöhäislehti;=;ruotsi;;;;;;
osainen;osainen;;suomi;adjektiivi;yhdistämätön;;-inen;;
delad;osainen;=;ruotsi;;;;;;
djupt delad;osainen;=;ruotsi;;;;;;
peruselin;peruselin;;suomi;substantiivi;yhdyssana;;;;
grundorgan;peruselin;=;ruotsi;;;;;;
pussilehti;pussilehti;;suomi;substantiivi;yhdyssana;;;;
bag leaf;pussilehti;=;englanti;;;;;;
säcklikt blad;pussilehti;=;ruotsi;;;;;;
selkälehti;selkälehti;;suomi;substantiivi;yhdyssana;;;;
dorsaalilehti;selkälehti;;suomi;substantiivi;yhdyssana;;;;
dorsalblad;selkälehti;=;ruotsi;;;;;;
sormihalkoinen;sormihalkoinen;;suomi;adjektiivi;yhdyssana;;-inen;;
handkluven;sormihalkoinen;=;ruotsi;;;;;;
tyvilehti;tyvilehti;;suomi;substantiivi;yhdyssana;;;;
rotblad;tyvilehti;=;ruotsi;;;;;;
vaippalehti;vaippalehti;;suomi;substantiivi;yhdyssana;;;;
cover leaf;vaippalehti;=;englanti;;;;;;
mantelblad;vaippalehti;=;ruotsi;;;;;;
varhaislehti;varhaislehti;;suomi;substantiivi;yhdyssana;;;;
juvenile leaf;varhaislehti;=;englanti;;;;;;
primärblad;varhaislehti;=;ruotsi;;;;;;
erilehtinen;erilehtinen;;suomi;adjektiivi;yhdyssana;;-inen;;
mehilehti;mehilehti;;suomi;substantiivi;yhdyssana;;;;
mehulehti;mehilehti;;suomi;substantiivi;yhdyssana;;;vanhentunut;
succulent leaf;mehilehti;=;englanti;;;;;;
lehtijäkälä;lehtijäkälä;;suomi;substantiivi;yhdyssana;;;;
foliose lichen;lehtijäkälä;=;englanti;;;;;;
jalot lehtipuut;jalot lehtipuut;;suomi;substantiivi;sanaliitto;;;;
ädellövträd;jalot lehtipuut;=;ruotsi;;;;;;
karstasammalet;karstasammalet;;suomi;substantiivi;yhdyssana;;;;
granite mosses;karstasammalet;=;englanti;;;;;;
rock mosses;karstasammalet;=;englanti;;;;;;
kirjavalehtinen;kirjavalehtinen;;suomi;adjektiivi;yhdyssana;;-inen;;
lehtimetsä;lehtimetsä;;suomi;substantiivi;yhdyssana;;;;
deciduous forest;lehtimetsä;=;englanti;;;;;;
maksasammalet;maksasammalet;;suomi;substantiivi;yhdyssana;;;;
liverworts;maksasammalet;=;englanti;;;;;;
pohjalehtinen;pohjalehtinen;;suomi;adjektiivi;yhdyssana;;-inen;;
pohjaruusukekasvi;pohjalehtinen;;suomi;substantiivi;yhdyssana;;;;
botnplanta;pohjalehtinen;=;islanti;;;;;;
botnplanta;pohjalehtinen;=;fääri;;;;;;
rosetplante;pohjalehtinen;=;tanska;;;;;;
grundskudsplante;pohjalehtinen;=;tanska;;;;;;
bunnskuddplante;pohjalehtinen;=;norja;;;;;;
kortskuddsplante;pohjalehtinen;=;norja;;;;;;
bunnplante;pohjalehtinen;=;norja;;;;;;
isoetidi;pohjalehtinen;;suomi;substantiivi;yhdyssana;;;;
isoëtid;pohjalehtinen;=;englanti;;;;;;
isoetid;pohjalehtinen;=;englanti;;;;;;
rosettväxt;pohjalehtinen;=;ruotsi;;;;;;
sarvisammalet;sarvisammalet;;suomi;substantiivi;yhdyssana;;;;
vatsalehti;vatsalehti;;suomi;substantiivi;yhdyssana;;;;
ventraalilehti;vatsalehti;;suomi;substantiivi;yhdyssana;;;;
lehtiarpi;lehtiarpi;;suomi;substantiivi;yhdyssana;;;;
leaf scar;lehtiarpi;=;englanti;;;;;;
kiehkurainen;kiehkurainen;;suomi;adjektiivi;yhdistämätön;;-inen;;
kransstæður;kiehkurainen;=;islanti;;;;;;
kransstaddur;kiehkurainen;=;fääri;;;;;;
kransstillet;kiehkurainen;=;tanska;;;;;;
kransstilt;kiehkurainen;=;norja;;;;;;
verticillate;kiehkurainen;=;englanti;;;;;;
whorled;kiehkurainen;=;englanti;;;;;;
whorled. -Cf. Whorl. -fig.p.245. / luonnos: kranssittande;kiehkurainen;=;ruotsi;;;;;;
kransställd;kiehkurainen;=;ruotsi;;;;;;
vastasahainen;vastasahainen;;suomi;adjektiivi;yhdyssana;;-inen;ehdotettu;
vastosahainen;vastasahainen;;suomi;adjektiivi;yhdyssana;;-inen;vanhentunut;
retroserratus;vastasahainen;=;englanti;;;;;;
omvändt sågad;vastasahainen;=;ruotsi;;;;;;
kylkilehti;kylkilehti;;suomi;substantiivi;yhdyssana;;;;
lateral leaf;kylkilehti;=;englanti;;;;;;
lateral leaves;kylkilehti;=;englanti;;;;;;
peitinsuomu;peitinsuomu;;suomi;substantiivi;yhdyssana;;;;
nystysahainen;nystysahainen;;suomi;adjektiivi;yhdyssana;;-inen;;
lehtialaindeksi;lehtialaindeksi;;suomi;substantiivi;yhdyssana;;;;
LAI;lehtialaindeksi;;suomi;substantiivi;lyhenne;;;;
leaf area index;lehtialaindeksi;=;englanti;;;;;;
LAI;lehtialaindeksi;=;englanti;;;;;;
lehtiaukko;lehtiaukko;;suomi;substantiivi;yhdyssana;;;;
leaf gap;lehtiaukko;=;englanti;;;;;;
kynnellinen;kynnellinen;;suomi;;;;;;
klófættur;kynnellinen;=;islanti;;;;;;
við nagli;kynnellinen;=;fääri;;;;;;
med negl;kynnellinen;=;tanska;;;;;;
mad kloformet basis;kynnellinen;=;norja;;;;;;
unguiculate;kynnellinen;=;englanti;;;;;;
med kloklik bas;kynnellinen;=;ruotsi;;;;;;
pikkuitiöpesäkelehti;pikkuitiöpesäkelehti;;suomi;substantiivi;yhdyssana;;;;
mikrosporofylli;pikkuitiöpesäkelehti;;suomi;substantiivi;yhdyssana;;;;
microsporophyll;pikkuitiöpesäkelehti;=;englanti;;;;;;
sivusuoni;sivusuoni;;suomi;substantiivi;yhdyssana;;;;
pohjaluku;pohjaluku;;suomi;substantiivi;yhdyssana;;;;
base number;pohjaluku;=;englanti;;;;;;
